Date,Ticker,Position_Type,Shares,Weight
15/7/24,AVGO,Long,583.3625077,0.2
15/7/24,AXON,Long,324.0020582,0.2
15/7/24,PCAR,Long,956.4801251,0.2
15/7/24,TXN,Long,495.6383957,0.2
15/7/24,VRTX,Long,203.728224,0.2
15/7/24,BKNG,Short,24.46183953,0.2
15/7/24,ADBE,Short,176.7690091,0.2
15/7/24,DXCM,Short,884.8774277,0.2
15/7/24,REGN,Short,92.41204809,0.2
15/7/24,ASML,Short,94.01765608,0.2
16/7/24,XEL,Long,1870.654166,0.2
16/7/24,TXN,Long,488.2604884,0.2
16/7/24,SBUX,Long,1336.039953,0.2
16/7/24,AZN,Long,1283.679659,0.2
16/7/24,CDNS,Long,323.6274217,0.2
16/7/24,BKNG,Short,24.49191048,0.2
16/7/24,AAPL,Short,429.6242934,0.2
16/7/24,ADBE,Short,178.0710694,0.2
16/7/24,ASML,Short,94.44423301,0.2
16/7/24,DXCM,Short,869.2433384,0.2
17/7/24,CDNS,Long,350.7250569,0.2
17/7/24,FTNT,Long,1709.539852,0.2
17/7/24,CSCO,Long,2082.664895,0.2
17/7/24,TXN,Long,494.7170488,0.2
17/7/24,XEL,Long,1826.661284,0.2
17/7/24,BKNG,Short,25.32832646,0.2
17/7/24,AAPL,Short,441.5016581,0.2
17/7/24,ADBE,Short,179.4578075,0.2
17/7/24,DXCM,Short,881.6935794,0.2
17/7/24,WBD,Short,12145.54151,0.2
18/7/24,FTNT,Long,1735.259206,0.2
18/7/24,DDOG,Long,848.9363723,0.2
18/7/24,ROST,Long,698.0665709,0.2
18/7/24,AZN,Long,1292.219096,0.2
18/7/24,XEL,Long,1808.365394,0.2
18/7/24,BKNG,Short,25.66316708,0.2
18/7/24,AAPL,Short,449.9537104,0.2
18/7/24,ADBE,Short,181.1450551,0.2
18/7/24,ASML,Short,109.1496151,0.2
18/7/24,ON,Short,1337.274547,0.2
19/7/24,FTNT,Long,1720.616002,0.2
19/7/24,DDOG,Long,845.3467533,0.2
19/7/24,CDNS,Long,359.4271071,0.2
19/7/24,XEL,Long,1798.741964,0.2
19/7/24,AZN,Long,1278.384248,0.2
19/7/24,BKNG,Short,25.36306585,0.2
19/7/24,AAPL,Short,448.5828724,0.2
19/7/24,ADBE,Short,182.6163757,0.2
19/7/24,ON,Short,1387.310419,0.2
19/7/24,BIIB,Short,444.4418097,0.2
22/7/24,FTNT,Long,1731.215503,0.2
22/7/24,CPRT,Long,1926.319242,0.2
22/7/24,DDOG,Long,834.7594987,0.2
22/7/24,WDAY,Long,441.8950392,0.2
22/7/24,XEL,Long,1815.384722,0.2
22/7/24,BKNG,Short,25.88365222,0.2
22/7/24,AAPL,Short,451.8197197,0.2
22/7/24,WBD,Short,11835.03453,0.2
22/7/24,DXCM,Short,906.3103096,0.2
22/7/24,ASML,Short,107.504352,0.2
23/7/24,CSGP,Long,1352.7969,0.2
23/7/24,DDOG,Long,821.7134628,0.2
23/7/24,FTNT,Long,1747.382075,0.2
23/7/24,CSCO,Long,2183.850597,0.2
23/7/24,TEAM,Long,578.1368081,0.2
23/7/24,BKNG,Short,25.83264857,0.2
23/7/24,ON,Short,1379.524674,0.2
23/7/24,ADBE,Short,185.4239175,0.2
23/7/24,ASML,Short,108.5358382,0.2
23/7/24,AAPL,Short,449.9503021,0.2
24/7/24,CSGP,Long,1332.002935,0.2
24/7/24,FTNT,Long,1795.523008,0.2
24/7/24,DDOG,Long,866.846423,0.2
24/7/24,XEL,Long,1804.44324,0.2
24/7/24,CSX,Long,3063.205414,0.2
24/7/24,BKNG,Short,26.72209673,0.2
24/7/24,GOOG,Short,583.2334973,0.2
24/7/24,ON,Short,1450.555145,0.2
24/7/24,ADBE,Short,191.5080338,0.2
24/7/24,PAYX,Short,825.2062954,0.2
25/7/24,FTNT,Long,1793.307367,0.2
25/7/24,ROST,Long,728.3285894,0.2
25/7/24,BKR,Long,2888.545318,0.2
25/7/24,DDOG,Long,854.2469436,0.2
25/7/24,CSCO,Long,2175.580949,0.2
25/7/24,BKNG,Short,28.08137179,0.2
25/7/24,DXCM,Short,952.938796,0.2
25/7/24,ADBE,Short,193.1305891,0.2
25/7/24,PAYX,Short,828.9598718,0.2
25/7/24,ON,Short,1521.682652,0.2
26/7/24,FTNT,Long,1830.685286,0.2
26/7/24,ROST,Long,740.5369284,0.2
26/7/24,CPRT,Long,2044.056079,0.2
26/7/24,DDOG,Long,881.9969863,0.2
26/7/24,BKR,Long,2771.5553,0.2
26/7/24,BKNG,Short,28.19490503,0.2
26/7/24,PCAR,Short,1051.481898,0.2
26/7/24,DXCM,Short,1630.454083,0.2
26/7/24,WBD,Short,12557.04645,0.2
26/7/24,CTAS,Short,548.2029408,0.2
29/7/24,FTNT,Long,1885.079643,0.2
29/7/24,SBUX,Long,1438.626648,0.2
29/7/24,AVGO,Long,720.1752008,0.2
29/7/24,CRWD,Long,418.0082708,0.2
29/7/24,QCOM,Long,605.6018804,0.2
29/7/24,ZS,Short,597.210727,0.2
29/7/24,AMGN,Short,325.3577828,0.2
29/7/24,BKNG,Short,28.80984757,0.2
29/7/24,PEP,Short,624.5870062,0.2
29/7/24,COST,Short,132.650841,0.2
30/7/24,ROST,Long,757.2378801,0.2
30/7/24,FTNT,Long,1879.925346,0.2
30/7/24,CRWD,Long,462.6394617,0.2
30/7/24,CPRT,Long,2090.017495,0.2
30/7/24,DXCM,Long,1550.871049,0.2
30/7/24,BKNG,Short,29.05025482,0.2
30/7/24,CDW,Short,464.9877697,0.2
30/7/24,VRSK,Short,377.9702475,0.2
30/7/24,GOOG,Short,628.9753695,0.2
30/7/24,FAST,Short,1524.837189,0.2
31/7/24,AZN,Long,1356.497431,0.2
31/7/24,FTNT,Long,1849.875466,0.2
31/7/24,ABNB,Long,769.3234138,0.2
31/7/24,WDAY,Long,472.7314902,0.2
31/7/24,ADI,Long,464.0278826,0.2
31/7/24,FAST,Short,1517.551572,0.2
31/7/24,CTSH,Short,1418.694151,0.2
31/7/24,CDW,Short,492.2597471,0.2
31/7/24,BKNG,Short,28.90080335,0.2
31/7/24,VRSK,Short,410.1882474,0.2
1/8/24,AZN,Long,1349.150027,0.2
1/8/24,BIIB,Long,519.9382043,0.2
1/8/24,FTNT,Long,1915.226864,0.2
1/8/24,VRTX,Long,216.5980828,0.2
1/8/24,CRWD,Long,488.5870014,0.2
1/8/24,VRSK,Short,419.1413709,0.2
1/8/24,ADBE,Short,200.492274,0.2
1/8/24,ADP,Short,419.253667,0.2
1/8/24,FAST,Short,1625.144223,0.2
1/8/24,CTSH,Short,1435.604528,0.2
2/8/24,WDAY,Long,511.4314215,0.2
2/8/24,BIIB,Long,534.3098005,0.2
2/8/24,CDNS,Long,440.1961038,0.2
2/8/24,SBUX,Long,1448.157084,0.2
2/8/24,GOOGL,Long,659.3432924,0.2
2/8/24,ADBE,Short,208.8415514,0.2
2/8/24,VRSK,Short,412.0833797,0.2
2/8/24,REGN,Short,101.5405442,0.2
2/8/24,CSX,Short,3224.358851,0.2
2/8/24,ADP,Short,416.9936252,0.2
5/8/24,CDNS,Long,441.1593041,0.2
5/8/24,WDAY,Long,524.1673213,0.2
5/8/24,APP,Long,1621.920792,0.2
5/8/24,FTNT,Long,1965.982347,0.2
5/8/24,BIIB,Long,548.897431,0.2
5/8/24,ADBE,Short,213.8061718,0.2
5/8/24,ADP,Short,421.8476595,0.2
5/8/24,VRSK,Short,415.1889641,0.2
5/8/24,CHTR,Short,299.5756836,0.2
5/8/24,XEL,Short,1877.836831,0.2
6/8/24,FTNT,Long,1949.830493,0.2
6/8/24,DXCM,Long,1446.113521,0.2
6/8/24,PLTR,Long,4092.517557,0.2
6/8/24,CSCO,Long,2409.65551,0.2
6/8/24,AXON,Long,368.8814999,0.2
6/8/24,ADP,Short,419.3935405,0.2
6/8/24,CHTR,Short,305.0060061,0.2
6/8/24,VRSK,Short,417.0308939,0.2
6/8/24,TTWO,Short,776.675769,0.2
6/8/24,REGN,Short,102.0644055,0.2
7/8/24,PLTR,Long,4215.462529,0.2
7/8/24,CSCO,Long,2459.019838,0.2
7/8/24,FTNT,Long,1586.600486,0.2
7/8/24,TEAM,Long,807.4446512,0.2
7/8/24,AAPL,Long,528.7911953,0.2
7/8/24,PDD,Short,833.2780891,0.2
7/8/24,ON,Short,1671.200083,0.2
7/8/24,ADBE,Short,216.0176269,0.2
7/8/24,ADP,Short,428.5310375,0.2
7/8/24,CHTR,Short,313.4739552,0.2
8/8/24,TEAM,Long,820.4778335,0.2
8/8/24,CSCO,Long,2484.706708,0.2
8/8/24,TXN,Long,589.1055934,0.2
8/8/24,AMD,Long,835.3440939,0.2
8/8/24,PCAR,Long,1220.777385,0.2
8/8/24,PDD,Short,825.0551331,0.2
8/8/24,AXON,Short,309.0542139,0.2
8/8/24,AVGO,Short,781.3510958,0.2
8/8/24,QCOM,Short,690.3553507,0.2
8/8/24,CTSH,Short,1544.47454,0.2
9/8/24,TXN,Long,587.2321625,0.2
9/8/24,VRTX,Long,240.9475823,0.2
9/8/24,CSCO,Long,2482.337692,0.2
9/8/24,TEAM,Long,798.0761064,0.2
9/8/24,WDAY,Long,532.5402195,0.2
9/8/24,AXON,Short,309.2380764,0.2
9/8/24,AVGO,Short,761.3105495,0.2
9/8/24,ON,Short,1583.056004,0.2
9/8/24,ASML,Short,131.1625118,0.2
9/8/24,QCOM,Short,686.2348056,0.2
12/8/24,CSGP,Long,1571.213882,0.2
12/8/24,TEAM,Long,805.2261228,0.2
12/8/24,CSCO,Long,2522.838441,0.2
12/8/24,TXN,Long,589.2665597,0.2
12/8/24,AMZN,Long,678.5043881,0.2
12/8/24,AXON,Short,307.5144265,0.2
12/8/24,ADBE,Short,213.1628192,0.2
12/8/24,TTWO,Short,768.3789746,0.2
12/8/24,REGN,Short,100.9504477,0.2
12/8/24,CHTR,Short,322.6551798,0.2
13/8/24,WBD,Long,15984.31345,0.2
13/8/24,TEAM,Long,788.0534528,0.2
13/8/24,AMZN,Long,662.9222515,0.2
13/8/24,ABNB,Long,965.3485934,0.2
13/8/24,SBUX,Long,1176.738793,0.2
13/8/24,REGN,Short,97.42409876,0.2
13/8/24,ADBE,Short,210.8464897,0.2
13/8/24,TTWO,Short,778.915297,0.2
13/8/24,ASML,Short,129.787868,0.2
13/8/24,APP,Short,1414.328246,0.2
14/8/24,WBD,Long,16606.19353,0.2
14/8/24,TEAM,Long,805.4293215,0.2
14/8/24,ABNB,Long,994.3144336,0.2
14/8/24,TXN,Long,590.8650236,0.2
14/8/24,AMZN,Long,679.4773868,0.2
14/8/24,REGN,Short,99.90760256,0.2
14/8/24,ADBE,Short,214.1186616,0.2
14/8/24,CRWD,Short,451.0932288,0.2
14/8/24,TTD,Short,1171.132889,0.2
14/8/24,QCOM,Short,691.4694098,0.2
15/8/24,WBD,Long,15858.37691,0.2
15/8/24,ABNB,Long,965.8028923,0.2
15/8/24,TEAM,Long,781.9563015,0.2
15/8/24,TXN,Long,568.5863881,0.2
15/8/24,CSCO,Long,2365.84892,0.2
15/8/24,REGN,Short,97.68715976,0.2
15/8/24,ADBE,Short,207.1868247,0.2
15/8/24,CRWD,Short,440.7641349,0.2
15/8/24,QCOM,Short,662.3667221,0.2
15/8/24,CCEP,Short,1495.371803,0.2
16/8/24,WBD,Long,15603.33994,0.2
16/8/24,CSGP,Long,1561.598395,0.2
16/8/24,CSCO,Long,2337.661721,0.2
16/8/24,AEP,Long,1192.704185,0.2
16/8/24,ABNB,Long,994.0740179,0.2
16/8/24,ADBE,Short,208.9053265,0.2
16/8/24,REGN,Short,98.04100775,0.2
16/8/24,PDD,Short,774.4708406,0.2
16/8/24,AVGO,Short,697.6873385,0.2
16/8/24,ASML,Short,125.8580432,0.2
19/8/24,CSCO,Long,2310.594571,0.2
19/8/24,CDW,Long,526.8408631,0.2
19/8/24,BKR,Long,3284.514109,0.2
19/8/24,CSGP,Long,1541.630089,0.2
19/8/24,TXN,Long,575.5183568,0.2
19/8/24,REGN,Short,96.48712913,0.2
19/8/24,ASML,Short,123.7566442,0.2
19/8/24,TTWO,Short,767.3323295,0.2
19/8/24,ADBE,Short,205.077988,0.2
19/8/24,PDD,Short,764.2347635,0.2
20/8/24,BKR,Long,3355.399754,0.2
20/8/24,FAST,Long,1715.817935,0.2
20/8/24,CSCO,Long,2284.797346,0.2
20/8/24,CSX,Long,3418.350692,0.2
20/8/24,CSGP,Long,1533.781776,0.2
20/8/24,ASML,Short,123.9372729,0.2
20/8/24,REGN,Short,96.28026839,0.2
20/8/24,TTWO,Short,741.4780977,0.2
20/8/24,ADBE,Short,204.1586883,0.2
20/8/24,SNPS,Short,206.0718749,0.2
21/8/24,BKR,Long,3318.752694,0.2
21/8/24,CSX,Long,3383.575902,0.2
21/8/24,ABNB,Long,971.5417448,0.2
21/8/24,FAST,Long,1677.638008,0.2
21/8/24,PCAR,Long,1190.700238,0.2
21/8/24,ASML,Short,121.163441,0.2
21/8/24,REGN,Short,96.4542124,0.2
21/8/24,TTWO,Short,714.2564353,0.2
21/8/24,ADBE,Short,202.0732732,0.2
21/8/24,CRWD,Short,418.4731027,0.2
22/8/24,BKR,Long,3286.792997,0.2
22/8/24,CSX,Long,3424.278411,0.2
22/8/24,ABNB,Long,985.6108535,0.2
22/8/24,XEL,Long,1899.011574,0.2
22/8/24,CPRT,Long,2178.192312,0.2
22/8/24,ASML,Short,125.3580629,0.2
22/8/24,SNPS,Short,207.6210096,0.2
22/8/24,ADBE,Short,204.1273851,0.2
22/8/24,TTWO,Short,717.005496,0.2
22/8/24,CRWD,Short,425.1560447,0.2
23/8/24,BKR,Long,3253.070081,0.2
23/8/24,ADSK,Long,448.8487608,0.2
23/8/24,XEL,Long,1905.740756,0.2
23/8/24,CSX,Long,3400.805488,0.2
23/8/24,ABNB,Long,980.5146232,0.2
23/8/24,ASML,Short,126.2847816,0.2
23/8/24,PANW,Short,653.3036763,0.2
23/8/24,SNPS,Short,212.4124087,0.2
23/8/24,ADBE,Short,205.2178663,0.2
23/8/24,REGN,Short,95.54767888,0.2
26/8/24,BKR,Long,3254.01049,0.2
26/8/24,XEL,Long,1875.847614,0.2
26/8/24,ADSK,Long,449.9808614,0.2
26/8/24,AXON,Long,319.8135754,0.2
26/8/24,APP,Long,1282.56306,0.2
26/8/24,PANW,Short,664.2636223,0.2
26/8/24,REGN,Short,96.12512663,0.2
26/8/24,QCOM,Short,680.2146966,0.2
26/8/24,CRWD,Short,433.6314544,0.2
26/8/24,ASML,Short,130.5199681,0.2
27/8/24,BKR,Long,3280.284881,0.2
27/8/24,ABNB,Long,994.7069722,0.2
27/8/24,ADSK,Long,451.8545244,0.2
27/8/24,XEL,Long,1907.079832,0.2
27/8/24,APP,Long,1285.958869,0.2
27/8/24,PANW,Short,663.1947743,0.2
27/8/24,REGN,Short,96.62668824,0.2
27/8/24,ASML,Short,130.4918519,0.2
27/8/24,ADBE,Short,204.5051043,0.2
27/8/24,QCOM,Short,667.6369499,0.2
28/8/24,XEL,Long,1902.626324,0.2
28/8/24,PEP,Long,663.8188082,0.2
28/8/24,ABNB,Long,982.3140229,0.2
28/8/24,CPRT,Long,2169.73065,0.2
28/8/24,CSX,Long,3423.824488,0.2
28/8/24,PANW,Short,658.8937627,0.2
28/8/24,ASML,Short,129.9937681,0.2
28/8/24,QCOM,Short,671.8147327,0.2
28/8/24,TTWO,Short,726.1092196,0.2
28/8/24,ADBE,Short,205.9645528,0.2
29/8/24,XEL,Long,1887.996139,0.2
29/8/24,CSX,Long,3414.970139,0.2
29/8/24,PEP,Long,673.5085378,0.2
29/8/24,ADSK,Long,448.840479,0.2
29/8/24,APP,Long,1265.190274,0.2
29/8/24,BKNG,Short,29.78919044,0.2
29/8/24,ASML,Short,130.565251,0.2
29/8/24,PANW,Short,647.1292514,0.2
29/8/24,QCOM,Short,683.8402151,0.2
29/8/24,REGN,Short,98.31294185,0.2
30/8/24,XEL,Long,1905.123682,0.2
30/8/24,AXON,Long,319.6172885,0.2
30/8/24,CMCSA,Long,2947.958633,0.2
30/8/24,CSX,Long,3403.872794,0.2
30/8/24,ABNB,Long,994.3800581,0.2
30/8/24,BKNG,Short,29.83982083,0.2
30/8/24,ADBE,Short,203.0792076,0.2
30/8/24,QCOM,Short,665.4347984,0.2
30/8/24,PANW,Short,643.1998335,0.2
30/8/24,TXN,Short,544.232174,0.2
3/9/24,GILD,Long,1454.421516,0.2
3/9/24,XEL,Long,1854.084925,0.2
3/9/24,PEP,Long,652.9086107,0.2
3/9/24,CPRT,Long,2165.870504,0.2
3/9/24,BKR,Long,3410.337883,0.2
3/9/24,QCOM,Short,710.1040582,0.2
3/9/24,TTWO,Short,743.5368499,0.2
3/9/24,PANW,Short,652.9269608,0.2
3/9/24,ASML,Short,137.1170565,0.2
3/9/24,ADBE,Short,202.9934765,0.2
4/9/24,ADSK,Long,462.9641508,0.2
4/9/24,BKR,Long,3476.852386,0.2
4/9/24,ABNB,Long,1027.876035,0.2
4/9/24,XEL,Long,1874.946126,0.2
4/9/24,SNPS,Long,247.9877648,0.2
4/9/24,QCOM,Short,716.2740926,0.2
4/9/24,TTWO,Short,749.3141108,0.2
4/9/24,BKNG,Short,31.17005858,0.2
4/9/24,PANW,Short,684.2212863,0.2
4/9/24,ADBE,Short,205.8610987,0.2
5/9/24,ADSK,Long,469.618789,0.2
5/9/24,BKR,Long,3466.312588,0.2
5/9/24,ABNB,Long,1017.871219,0.2
5/9/24,PDD,Long,1275.743678,0.2
5/9/24,AXON,Long,333.190355,0.2
5/9/24,TTWO,Short,752.8073751,0.2
5/9/24,QCOM,Short,722.2720019,0.2
5/9/24,BKNG,Short,31.26379689,0.2
5/9/24,ADBE,Short,208.1874985,0.2
5/9/24,TSLA,Short,513.6895575,0.2
6/9/24,CSX,Long,3532.206999,0.2
6/9/24,BKR,Long,3472.885933,0.2
6/9/24,ADSK,Long,470.7822266,0.2
6/9/24,PDD,Long,1263.341264,0.2
6/9/24,ABNB,Long,1031.41184,0.2
6/9/24,BKNG,Short,31.58903365,0.2
6/9/24,TTWO,Short,752.6322925,0.2
6/9/24,QCOM,Short,745.1150007,0.2
6/9/24,PANW,Short,701.981664,0.2
6/9/24,ASML,Short,156.5771958,0.2
9/9/24,CSX,Long,3519.498812,0.2
9/9/24,ABNB,Long,1021.126447,0.2
9/9/24,ADSK,Long,464.7329559,0.2
9/9/24,CPRT,Long,2404.254925,0.2
9/9/24,BKR,Long,3526.811482,0.2
9/9/24,BKNG,Short,31.24420568,0.2
9/9/24,ADBE,Short,208.4970046,0.2
9/9/24,QCOM,Short,739.0574785,0.2
9/9/24,PANW,Short,690.70355,0.2
9/9/24,TTWO,Short,760.0963946,0.2
10/9/24,CSX,Long,3534.569512,0.2
10/9/24,ADSK,Long,459.7780566,0.2
10/9/24,CPRT,Long,2392.313117,0.2
10/9/24,ABNB,Long,1028.869142,0.2
10/9/24,TEAM,Long,730.0056605,0.2
10/9/24,QCOM,Short,732.5793159,0.2
10/9/24,PANW,Short,681.531866,0.2
10/9/24,BKNG,Short,30.886304,0.2
10/9/24,COST,Short,132.4440856,0.2
10/9/24,TSLA,Short,523.6919989,0.2
11/9/24,CPRT,Long,2377.956638,0.2
11/9/24,DDOG,Long,1072.164946,0.2
11/9/24,ABNB,Long,1012.620751,0.2
11/9/24,TEAM,Long,706.9445937,0.2
11/9/24,AXON,Long,324.6343869,0.2
11/9/24,PANW,Short,687.1492823,0.2
11/9/24,QCOM,Short,704.9922133,0.2
11/9/24,BKNG,Short,30.67914372,0.2
11/9/24,COST,Short,130.4125923,0.2
11/9/24,AMZN,Short,636.3727434,0.2
12/9/24,WBD,Long,15321.19158,0.2
12/9/24,DDOG,Long,1070.51289,0.2
12/9/24,CPRT,Long,2372.353392,0.2
12/9/24,TEAM,Long,708.3126528,0.2
12/9/24,AXON,Long,305.2204681,0.2
12/9/24,COST,Short,128.2584412,0.2
12/9/24,QCOM,Short,711.360942,0.2
12/9/24,ADI,Short,529.7717051,0.2
12/9/24,CDNS,Short,434.8289286,0.2
12/9/24,TTWO,Short,764.0148735,0.2
13/9/24,TEAM,Long,726.675061,0.2
13/9/24,CPRT,Long,2368.819024,0.2
13/9/24,WBD,Long,14014.81527,0.2
13/9/24,AEP,Long,1142.226942,0.2
13/9/24,XEL,Long,1863.812315,0.2
13/9/24,TTWO,Short,781.8753069,0.2
13/9/24,COST,Short,129.8971381,0.2
13/9/24,CDW,Short,540.4759563,0.2
13/9/24,QCOM,Short,709.3887886,0.2
13/9/24,CCEP,Short,1459.231998,0.2
16/9/24,TEAM,Long,726.6872595,0.2
16/9/24,PYPL,Long,1688.650584,0.2
16/9/24,DDOG,Long,1077.310546,0.2
16/9/24,ABNB,Long,1020.947625,0.2
16/9/24,CPRT,Long,2412.309477,0.2
16/9/24,BKNG,Short,30.16144671,0.2
16/9/24,CRWD,Short,448.1251543,0.2
16/9/24,TTWO,Short,787.2246564,0.2
16/9/24,CDW,Short,541.9390297,0.2
16/9/24,CCEP,Short,1465.710802,0.2
17/9/24,PYPL,Long,1665.769971,0.2
17/9/24,TEAM,Long,767.2461788,0.2
17/9/24,ABNB,Long,978.9739805,0.2
17/9/24,BKR,Long,3442.335352,0.2
17/9/24,XEL,Long,1853.524112,0.2
17/9/24,CRWD,Short,444.8954475,0.2
17/9/24,BKNG,Short,29.57436671,0.2
17/9/24,CDNS,Short,435.0678754,0.2
17/9/24,CDW,Short,535.3407723,0.2
17/9/24,AMAT,Short,633.9270773,0.2
18/9/24,TEAM,Long,745.2853303,0.2
18/9/24,CMCSA,Long,2991.622436,0.2
18/9/24,XEL,Long,1850.938523,0.2
18/9/24,AMD,Long,803.3340742,0.2
18/9/24,TXN,Long,593.5249887,0.2
18/9/24,CRWD,Short,445.9658829,0.2
18/9/24,BKNG,Short,29.57237619,0.2
18/9/24,WBD,Short,14148.02891,0.2
18/9/24,CDNS,Short,441.7160569,0.2
18/9/24,PANW,Short,722.5255768,0.2
19/9/24,TEAM,Long,734.8376742,0.2
19/9/24,AEP,Long,1178.022721,0.2
19/9/24,AMD,Long,764.6550016,0.2
19/9/24,TXN,Long,577.3218961,0.2
19/9/24,CTAS,Long,588.2596737,0.2
19/9/24,BKNG,Short,29.83241581,0.2
19/9/24,CRWD,Short,432.0860446,0.2
19/9/24,WBD,Short,14268.09936,0.2
19/9/24,ASML,Short,144.7208668,0.2
19/9/24,AMAT,Short,609.2828278,0.2
20/9/24,TEAM,Long,731.8412413,0.2
20/9/24,CTAS,Long,584.583997,0.2
20/9/24,XEL,Long,1861.04282,0.2
20/9/24,ADP,Long,431.7813009,0.2
20/9/24,VRTX,Long,256.7079659,0.2
20/9/24,ASML,Short,150.0712536,0.2
20/9/24,BKNG,Short,29.36721875,0.2
20/9/24,ROP,Short,213.8711843,0.2
20/9/24,AMAT,Short,621.0900744,0.2
20/9/24,ROST,Short,773.4344686,0.2
23/9/24,TEAM,Long,738.0085534,0.2
23/9/24,CTAS,Long,586.0219575,0.2
23/9/24,XEL,Long,1869.021639,0.2
23/9/24,DDOG,Long,1028.589064,0.2
23/9/24,CHTR,Long,360.4807433,0.2
23/9/24,CRWD,Short,407.8004242,0.2
23/9/24,AMAT,Short,616.0720803,0.2
23/9/24,BKNG,Short,29.17751668,0.2
23/9/24,ROP,Short,214.3301162,0.2
23/9/24,WDAY,Short,487.869334,0.2
24/9/24,TEAM,Long,736.1849966,0.2
24/9/24,TTWO,Long,793.3625274,0.2
24/9/24,PEP,Long,704.5574496,0.2
24/9/24,TTD,Long,1080.588497,0.2
24/9/24,CHTR,Long,370.2325766,0.2
24/9/24,CRWD,Short,414.9109205,0.2
24/9/24,ROP,Short,216.8890264,0.2
24/9/24,BKNG,Short,28.65749358,0.2
24/9/24,WBD,Short,14389.23136,0.2
24/9/24,TSLA,Short,470.8317872,0.2
25/9/24,TEAM,Long,735.9542979,0.2
25/9/24,XEL,Long,1856.223583,0.2
25/9/24,TTD,Long,1076.146993,0.2
25/9/24,PAYX,Long,899.5243115,0.2
25/9/24,PEP,Long,703.3707239,0.2
25/9/24,BKNG,Short,28.53437526,0.2
25/9/24,CDNS,Short,438.3774896,0.2
25/9/24,ROP,Short,217.2860886,0.2
25/9/24,AMAT,Short,603.8771365,0.2
25/9/24,TXN,Short,581.0543146,0.2
26/9/24,TEAM,Long,728.9596677,0.2
26/9/24,DXCM,Long,1761.031866,0.2
26/9/24,PYPL,Long,1485.045917,0.2
26/9/24,XEL,Long,1858.744617,0.2
26/9/24,ABNB,Long,920.0965551,0.2
26/9/24,BKNG,Short,27.85761369,0.2
26/9/24,CDNS,Short,433.6596105,0.2
26/9/24,AAPL,Short,522.6902141,0.2
26/9/24,AMAT,Short,567.3511731,0.2
26/9/24,TSLA,Short,467.7935614,0.2
27/9/24,DXCM,Long,1756.809449,0.2
27/9/24,PEP,Long,695.386526,0.2
27/9/24,PANW,Long,704.1888871,0.2
27/9/24,TEAM,Long,733.2570929,0.2
27/9/24,XEL,Long,1830.814774,0.2
27/9/24,BKNG,Short,27.82790111,0.2
27/9/24,AAPL,Short,518.9679657,0.2
27/9/24,AVGO,Short,684.5544487,0.2
27/9/24,WBD,Short,14106.88637,0.2
27/9/24,SNPS,Short,230.3008123,0.2
30/9/24,PEP,Long,695.4245538,0.2
30/9/24,DXCM,Long,1763.975923,0.2
30/9/24,TEAM,Long,744.6442246,0.2
30/9/24,CHTR,Long,364.9004949,0.2
30/9/24,VRTX,Long,254.2722777,0.2
30/9/24,AMAT,Short,585.2855516,0.2
30/9/24,CDW,Short,522.5671493,0.2
30/9/24,BKNG,Short,28.07539771,0.2
30/9/24,ANSS,Short,371.1419065,0.2
30/9/24,CCEP,Short,1501.675524,0.2
1/10/24,DXCM,Long,1794.387135,0.2
1/10/24,TEAM,Long,733.6733504,0.2
1/10/24,PEP,Long,691.0348203,0.2
1/10/24,CHTR,Long,360.0229411,0.2
1/10/24,ROST,Long,799.1736887,0.2
1/10/24,AAPL,Short,523.5380724,0.2
1/10/24,ASML,Short,144.013564,0.2
1/10/24,BKNG,Short,28.87828161,0.2
1/10/24,AMAT,Short,600.5555411,0.2
1/10/24,ANSS,Short,378.3087542,0.2
2/10/24,DXCM,Long,1784.597171,0.2
2/10/24,TEAM,Long,747.294454,0.2
2/10/24,PEP,Long,706.2604852,0.2
2/10/24,WBD,Long,15024.65126,0.2
2/10/24,SBUX,Long,1240.896035,0.2
2/10/24,BKNG,Short,29.02937792,0.2
2/10/24,AMAT,Short,595.3093266,0.2
2/10/24,GOOG,Short,715.7161507,0.2
2/10/24,PDD,Short,784.1428993,0.2
2/10/24,AAPL,Short,528.0292268,0.2
3/10/24,DXCM,Long,1802.387118,0.2
3/10/24,PEP,Long,702.4315392,0.2
3/10/24,TEAM,Long,737.8508142,0.2
3/10/24,SBUX,Long,1238.811108,0.2
3/10/24,ADBE,Long,234.9757628,0.2
3/10/24,BKNG,Short,28.84437664,0.2
3/10/24,GOOGL,Short,713.7392138,0.2
3/10/24,GOOG,Short,707.9766861,0.2
3/10/24,AAPL,Short,524.5747658,0.2
3/10/24,TSLA,Short,491.9005428,0.2
4/10/24,DXCM,Long,1737.615945,0.2
4/10/24,SBUX,Long,1225.398849,0.2
4/10/24,PEP,Long,704.5842844,0.2
4/10/24,TEAM,Long,692.0995503,0.2
4/10/24,FTNT,Long,1517.100626,0.2
4/10/24,GOOG,Short,702.1180874,0.2
4/10/24,GOOGL,Short,708.4222724,0.2
4/10/24,BKNG,Short,28.26110218,0.2
4/10/24,PDD,Short,767.1551165,0.2
4/10/24,AAPL,Short,521.8210825,0.2
7/10/24,DXCM,Long,1736.264347,0.2
7/10/24,WBD,Long,15432.96211,0.2
7/10/24,XEL,Long,1890.850142,0.2
7/10/24,PEP,Long,712.531903,0.2
7/10/24,SBUX,Long,1239.904973,0.2
7/10/24,BKNG,Short,28.57256891,0.2
7/10/24,GOOGL,Short,731.0250792,0.2
7/10/24,CCEP,Short,1551.132249,0.2
7/10/24,GOOG,Short,724.7549409,0.2
7/10/24,AAPL,Short,537.428224,0.2
8/10/24,DXCM,Long,1726.809025,0.2
8/10/24,WBD,Long,15530.09772,0.2
8/10/24,XEL,Long,1905.170039,0.2
8/10/24,CSX,Long,3539.780187,0.2
8/10/24,REGN,Long,119.265016,0.2
8/10/24,BKNG,Short,28.32205249,0.2
8/10/24,CTAS,Short,579.1341353,0.2
8/10/24,GOOGL,Short,729.3609174,0.2
8/10/24,CMCSA,Short,2927.774089,0.2
8/10/24,PLTR,Short,2892.457152,0.2
9/10/24,WBD,Long,15359.05474,0.2
9/10/24,CSX,Long,3465.426131,0.2
9/10/24,REGN,Long,117.2956591,0.2
9/10/24,XEL,Long,1897.179449,0.2
9/10/24,TXN,Long,579.2335108,0.2
9/10/24,GOOGL,Short,733.5073086,0.2
9/10/24,AAPL,Short,517.2322771,0.2
9/10/24,PLTR,Short,2752.735694,0.2
9/10/24,GOOG,Short,728.1092555,0.2
9/10/24,CCEP,Short,1521.731588,0.2
10/10/24,DXCM,Long,1703.469136,0.2
10/10/24,WBD,Long,15715.29304,0.2
10/10/24,XEL,Long,1906.263018,0.2
10/10/24,GOOG,Long,726.1509635,0.2
10/10/24,CSX,Long,3431.604781,0.2
10/10/24,ASML,Short,142.083424,0.2
10/10/24,PLTR,Short,2722.732253,0.2
10/10/24,CDNS,Short,422.2252805,0.2
10/10/24,CDW,Short,534.5000117,0.2
10/10/24,AZN,Short,1541.47658,0.2
11/10/24,WBD,Long,15744.1621,0.2
11/10/24,TMUS,Long,555.7458808,0.2
11/10/24,DXCM,Long,1710.679097,0.2
11/10/24,TSLA,Long,543.6000783,0.2
11/10/24,XEL,Long,1900.113884,0.2
11/10/24,PLTR,Short,2721.123955,0.2
11/10/24,ASML,Short,140.8320527,0.2
11/10/24,SNPS,Short,219.2845282,0.2
11/10/24,BKNG,Short,27.63210267,0.2
11/10/24,COST,Short,133.1744652,0.2
14/10/24,DXCM,Long,1692.242302,0.2
14/10/24,XEL,Long,1857.653477,0.2
14/10/24,AXON,Long,267.2937578,0.2
14/10/24,WBD,Long,15526.43549,0.2
14/10/24,ADBE,Long,229.7053358,0.2
14/10/24,ASML,Short,134.2122512,0.2
14/10/24,VRTX,Short,241.4696614,0.2
14/10/24,AMGN,Short,360.6349724,0.2
14/10/24,SNPS,Short,214.6249373,0.2
14/10/24,CSGP,Short,1513.697033,0.2
15/10/24,DXCM,Long,1741.273085,0.2
15/10/24,WBD,Long,15373.60826,0.2
15/10/24,AXON,Long,269.1408427,0.2
15/10/24,XEL,Long,1842.021453,0.2
15/10/24,AMZN,Long,622.5127594,0.2
15/10/24,CCEP,Short,1513.856192,0.2
15/10/24,VRTX,Short,241.2542314,0.2
15/10/24,CSGP,Short,1493.728196,0.2
15/10/24,AAPL,Short,499.6340316,0.2
15/10/24,ASML,Short,159.9597805,0.2
16/10/24,AXON,Long,272.6981398,0.2
16/10/24,DXCM,Long,1692.483945,0.2
16/10/24,WBD,Long,14788.07879,0.2
16/10/24,XEL,Long,1848.221003,0.2
16/10/24,AMZN,Long,633.0174473,0.2
16/10/24,AMGN,Short,367.8283386,0.2
16/10/24,ASML,Short,173.0814416,0.2
16/10/24,AEP,Short,1167.633544,0.2
16/10/24,BIIB,Short,625.950425,0.2
16/10/24,VRTX,Short,242.8006779,0.2
17/10/24,AXON,Long,276.5553805,0.2
17/10/24,GOOG,Long,730.3980837,0.2
17/10/24,AMZN,Long,640.7390046,0.2
17/10/24,XEL,Long,1899.727822,0.2
17/10/24,WBD,Long,15444.44492,0.2
17/10/24,AMGN,Short,373.9389094,0.2
17/10/24,VRTX,Short,240.9275201,0.2
17/10/24,CDW,Short,543.2579289,0.2
17/10/24,AZN,Short,1540.089591,0.2
17/10/24,ASML,Short,171.5069782,0.2
18/10/24,GOOG,Long,720.466093,0.2
18/10/24,AMZN,Long,629.2022191,0.2
18/10/24,AXON,Long,271.4597287,0.2
18/10/24,TTD,Long,1001.287712,0.2
18/10/24,XEL,Long,1855.98457,0.2
18/10/24,CSGP,Short,1500.478623,0.2
18/10/24,AMGN,Short,369.6851629,0.2
18/10/24,VRTX,Short,246.1965442,0.2
18/10/24,ROP,Short,213.2508373,0.2
18/10/24,BIIB,Short,625.3309243,0.2
21/10/24,CDNS,Long,472.4796897,0.2
21/10/24,AMZN,Long,632.613455,0.2
21/10/24,GOOG,Long,721.4006536,0.2
21/10/24,AVGO,Long,664.5270677,0.2
21/10/24,CSX,Long,3553.423384,0.2
21/10/24,CSGP,Short,1546.124995,0.2
21/10/24,AMGN,Short,377.622764,0.2
21/10/24,VRTX,Short,250.1793208,0.2
21/10/24,ROP,Short,214.8136372,0.2
21/10/24,ADBE,Short,240.3171177,0.2
22/10/24,GOOG,Long,717.4740462,0.2
22/10/24,CDNS,Long,475.881787,0.2
22/10/24,ADSK,Long,414.8953865,0.2
22/10/24,CHTR,Long,362.8919501,0.2
22/10/24,AMAT,Long,654.0383915,0.2
22/10/24,CSGP,Short,1557.03163,0.2
22/10/24,AMGN,Short,374.4260285,0.2
22/10/24,ADBE,Short,242.7227783,0.2
22/10/24,PDD,Short,931.3596666,0.2
22/10/24,SBUX,Short,1236.201467,0.2
23/10/24,TEAM,Long,633.7152998,0.2
23/10/24,CDNS,Long,480.2284246,0.2
23/10/24,AMAT,Long,654.7350767,0.2
23/10/24,WBD,Long,16319.24935,0.2
23/10/24,GOOG,Long,727.2622788,0.2
23/10/24,DXCM,Short,1650.387569,0.2
23/10/24,PAYX,Short,845.7901627,0.2
23/10/24,ADBE,Short,246.6241198,0.2
23/10/24,CSGP,Short,1642.681915,0.2
23/10/24,AEP,Short,1186.354204,0.2
24/10/24,CDNS,Long,474.9496752,0.2
24/10/24,GOOG,Long,725.3713894,0.2
24/10/24,TEAM,Long,630.289675,0.2
24/10/24,CDW,Long,544.5580937,0.2
24/10/24,WBD,Long,15870.39283,0.2
24/10/24,CSGP,Short,1614.738843,0.2
24/10/24,COST,Short,133.5825884,0.2
24/10/24,QCOM,Short,709.966386,0.2
24/10/24,AMGN,Short,378.0460353,0.2
24/10/24,ANSS,Short,371.3643328,0.2
25/10/24,CDNS,Long,464.505434,0.2
25/10/24,GOOG,Long,715.7149444,0.2
25/10/24,WBD,Long,15725.95316,0.2
25/10/24,AMZN,Long,636.3053896,0.2
25/10/24,AXON,Long,268.8680947,0.2
25/10/24,VRTX,Short,250.1930907,0.2
25/10/24,AMGN,Short,377.0497771,0.2
25/10/24,CTAS,Short,576.2366346,0.2
25/10/24,BIIB,Short,657.80858,0.2
25/10/24,TMUS,Short,527.9962987,0.2
28/10/24,AMZN,Long,639.5176763,0.2
28/10/24,XEL,Long,1868.466631,0.2
28/10/24,WBD,Long,15831.63371,0.2
28/10/24,TSLA,Long,458.9491073,0.2
28/10/24,CHTR,Long,365.4525123,0.2
28/10/24,CSGP,Short,1621.299133,0.2
28/10/24,SNPS,Short,242.8125608,0.2
28/10/24,AMGN,Short,379.8553758,0.2
28/10/24,VRTX,Short,252.9099983,0.2
28/10/24,QCOM,Short,699.5629647,0.2
29/10/24,WBD,Long,15878.1774,0.2
29/10/24,TEAM,Long,625.2229006,0.2
29/10/24,CDNS,Long,421.4457277,0.2
29/10/24,ADSK,Long,413.8653624,0.2
29/10/24,TSLA,Long,461.93067,0.2
29/10/24,SNPS,Short,226.5267803,0.2
29/10/24,CTAS,Short,573.2057127,0.2
29/10/24,AZN,Short,1593.72827,0.2
29/10/24,QCOM,Short,681.1377409,0.2
29/10/24,BIIB,Short,653.4051431,0.2
30/10/24,WBD,Long,15500.06269,0.2
30/10/24,AXON,Long,274.3405167,0.2
30/10/24,CTSH,Long,1619.845182,0.2
30/10/24,TEAM,Long,632.406455,0.2
30/10/24,DDOG,Long,939.7275546,0.2
30/10/24,QCOM,Short,718.5031043,0.2
30/10/24,BKNG,Short,26.97969773,0.2
30/10/24,ANSS,Short,366.5443715,0.2
30/10/24,CDW,Short,617.4279111,0.2
30/10/24,SNPS,Short,224.517152,0.2
31/10/24,CSGP,Long,1673.50829,0.2
31/10/24,WBD,Long,14983.35403,0.2
31/10/24,PCAR,Long,1168.149898,0.2
31/10/24,ADSK,Long,429.2271853,0.2
31/10/24,TEAM,Long,646.0945915,0.2
31/10/24,QCOM,Short,748.3852476,0.2
31/10/24,SNPS,Short,237.1734846,0.2
31/10/24,CMCSA,Short,2789.436113,0.2
31/10/24,TMUS,Short,545.8624662,0.2
31/10/24,CTAS,Short,591.8792643,0.2
1/11/24,WBD,Long,14852.95386,0.2
1/11/24,CSGP,Long,1686.066255,0.2
1/11/24,PLTR,Long,2916.025973,0.2
1/11/24,TEAM,Long,544.8620465,0.2
1/11/24,APP,Long,747.5069062,0.2
1/11/24,SNPS,Short,235.8020789,0.2
1/11/24,BKNG,Short,25.73951898,0.2
1/11/24,CMCSA,Short,2806.23966,0.2
1/11/24,AMGN,Short,382.932783,0.2
1/11/24,FAST,Short,1562.569324,0.2
4/11/24,TEAM,Long,566.0653699,0.2
4/11/24,AXON,Long,287.1971525,0.2
4/11/24,APP,Long,778.9936316,0.2
4/11/24,BIIB,Long,714.3019488,0.2
4/11/24,PYPL,Long,1586.403194,0.2
4/11/24,BKNG,Short,25.94927587,0.2
4/11/24,SNPS,Short,236.3030439,0.2
4/11/24,CMCSA,Short,2914.311798,0.2
4/11/24,GOOGL,Short,732.3663033,0.2
4/11/24,FAST,Short,1592.722664,0.2
5/11/24,APP,Long,749.280754,0.2
5/11/24,ASML,Long,182.9615727,0.2
5/11/24,XEL,Long,1865.915665,0.2
5/11/24,TTD,Long,1031.900842,0.2
5/11/24,PYPL,Long,1561.718479,0.2
5/11/24,BKNG,Short,25.1814229,0.2
5/11/24,SNPS,Short,237.1090733,0.2
5/11/24,CMCSA,Short,2908.040072,0.2
5/11/24,CDNS,Short,425.0066725,0.2
5/11/24,AVGO,Short,711.7089925,0.2
6/11/24,DXCM,Long,1805.096798,0.2
6/11/24,DDOG,Long,964.9215935,0.2
6/11/24,AXON,Long,269.5153538,0.2
6/11/24,APP,Long,734.7830921,0.2
6/11/24,PYPL,Long,1521.283464,0.2
6/11/24,BKNG,Short,24.76364503,0.2
6/11/24,SNPS,Short,223.8953032,0.2
6/11/24,VRTX,Short,250.8866557,0.2
6/11/24,ON,Short,1713.680617,0.2
6/11/24,BIIB,Short,710.1358759,0.2
7/11/24,XEL,Long,1873.617214,0.2
7/11/24,AAPL,Long,545.2499392,0.2
7/11/24,WBD,Long,13237.29513,0.2
7/11/24,AXON,Long,264.6047015,0.2
7/11/24,DXCM,Long,1799.933932,0.2
7/11/24,BKNG,Short,25.20559391,0.2
7/11/24,SNPS,Short,216.240604,0.2
7/11/24,VRTX,Short,246.8573009,0.2
7/11/24,AMAT,Short,639.0512452,0.2
7/11/24,CDNS,Short,411.0879402,0.2
8/11/24,WBD,Long,13586.80891,0.2
8/11/24,AXON,Long,206.7822398,0.2
8/11/24,AAPL,Long,549.5545744,0.2
8/11/24,DDOG,Long,1002.225094,0.2
8/11/24,BIIB,Long,720.7981665,0.2
8/11/24,BKNG,Short,25.2316603,0.2
8/11/24,VRTX,Short,241.3726676,0.2
8/11/24,AMAT,Short,649.5178394,0.2
8/11/24,ADP,Short,409.3030073,0.2
8/11/24,SNPS,Short,222.1118558,0.2
11/11/24,WBD,Long,13647.60347,0.2
11/11/24,APP,Long,444.548904,0.2
11/11/24,DDOG,Long,1040.635328,0.2
11/11/24,PLTR,Long,2113.747274,0.2
11/11/24,ASML,Long,189.6771086,0.2
11/11/24,BKNG,Short,25.13762818,0.2
11/11/24,AMAT,Short,675.2871286,0.2
11/11/24,VRSK,Short,446.763745,0.2
11/11/24,ADP,Short,415.0601076,0.2
11/11/24,FAST,Short,1509.568958,0.2
12/11/24,DXCM,Long,1709.965276,0.2
12/11/24,DDOG,Long,1030.052739,0.2
12/11/24,ROST,Long,905.9854218,0.2
12/11/24,WBD,Long,13787.28944,0.2
12/11/24,CHTR,Long,324.2826845,0.2
12/11/24,AMAT,Short,681.2004282,0.2
12/11/24,FAST,Short,1522.380986,0.2
12/11/24,VRSK,Short,441.5073854,0.2
12/11/24,TTWO,Short,704.0643045,0.2
12/11/24,ADP,Short,412.844048,0.2
13/11/24,ADSK,Long,406.7322721,0.2
13/11/24,WBD,Long,13103.30722,0.2
13/11/24,CHTR,Long,313.5349053,0.2
13/11/24,DDOG,Long,991.5465368,0.2
13/11/24,COST,Long,136.4036202,0.2
13/11/24,VRTX,Short,257.5042021,0.2
13/11/24,BKNG,Short,25.53697912,0.2
13/11/24,AMAT,Short,696.7785673,0.2
13/11/24,PDD,Short,1123.041579,0.2
13/11/24,AMD,Short,914.3154834,0.2
14/11/24,AZN,Long,1993.443586,0.2
14/11/24,ADSK,Long,422.8063762,0.2
14/11/24,ABNB,Long,963.5372698,0.2
14/11/24,CTAS,Long,597.3442564,0.2
14/11/24,WBD,Long,13149.45002,0.2
14/11/24,BKNG,Short,26.08209512,0.2
14/11/24,VRTX,Short,267.9014277,0.2
14/11/24,CCEP,Short,1645.976618,0.2
14/11/24,PDD,Short,1154.220338,0.2
14/11/24,CMCSA,Short,2981.912926,0.2
15/11/24,ADSK,Long,433.1738907,0.2
15/11/24,AZN,Long,2049.406416,0.2
15/11/24,CDW,Long,729.5162033,0.2
15/11/24,CSGP,Long,1818.72234,0.2
15/11/24,WBD,Long,14054.65976,0.2
15/11/24,BKNG,Short,26.04603408,0.2
15/11/24,VRTX,Short,278.2563096,0.2
15/11/24,PDD,Short,1136.701463,0.2
15/11/24,TXN,Short,644.311704,0.2
15/11/24,PCAR,Short,1154.32001,0.2
18/11/24,CSGP,Long,1744.498535,0.2
18/11/24,ADSK,Long,423.6350606,0.2
18/11/24,WBD,Long,13512.03393,0.2
18/11/24,BIIB,Long,810.1745151,0.2
18/11/24,ON,Long,1924.773743,0.2
18/11/24,BKNG,Short,25.50111212,0.2
18/11/24,VRTX,Short,273.9961933,0.2
18/11/24,APP,Short,429.3924996,0.2
18/11/24,PCAR,Short,1143.716196,0.2
18/11/24,ADBE,Short,256.1689704,0.2
19/11/24,CDW,Long,738.5178739,0.2
19/11/24,ADI,Long,610.839912,0.2
19/11/24,ADSK,Long,421.16328,0.2
19/11/24,CTSH,Long,1684.211723,0.2
19/11/24,ASML,Long,194.1208219,0.2
19/11/24,BKNG,Short,25.82666072,0.2
19/11/24,PDD,Short,1092.275985,0.2
19/11/24,TTD,Short,1076.36108,0.2
19/11/24,TTWO,Short,691.032966,0.2
19/11/24,SBUX,Short,1306.955162,0.2
20/11/24,CDW,Long,726.6857529,0.2
20/11/24,ADI,Long,606.0823325,0.2
20/11/24,DXCM,Long,1699.753233,0.2
20/11/24,ABNB,Long,945.5780381,0.2
20/11/24,ADSK,Long,415.4412395,0.2
20/11/24,BKNG,Short,25.49411138,0.2
20/11/24,TTWO,Short,689.4308876,0.2
20/11/24,TXN,Short,645.2869876,0.2
20/11/24,ADBE,Short,256.0348942,0.2
20/11/24,ZS,Short,636.4557982,0.2
21/11/24,CSGP,Long,1672.428132,0.2
21/11/24,AZN,Long,2003.998785,0.2
21/11/24,DXCM,Long,1729.478482,0.2
21/11/24,ADSK,Long,408.2843432,0.2
21/11/24,ROST,Long,900.7901521,0.2
21/11/24,BKNG,Short,24.71290446,0.2
21/11/24,TTD,Short,1011.205086,0.2
21/11/24,SBUX,Short,1286.997495,0.2
21/11/24,ROP,Short,232.3403528,0.2
21/11/24,TTWO,Short,690.1970464,0.2
22/11/24,CSGP,Long,1605.747621,0.2
22/11/24,CDW,Long,716.1081186,0.2
22/11/24,AZN,Long,1952.685039,0.2
22/11/24,AVGO,Long,780.3368267,0.2
22/11/24,CHTR,Long,330.0659782,0.2
22/11/24,BKNG,Short,24.75391212,0.2
22/11/24,ASML,Short,190.4570098,0.2
22/11/24,TTWO,Short,681.130576,0.2
22/11/24,PCAR,Short,1116.816677,0.2
22/11/24,SBUX,Short,1250.28989,0.2
25/11/24,VRTX,Long,278.3681784,0.2
25/11/24,AZN,Long,1935.622986,0.2
25/11/24,CTSH,Long,1594.014308,0.2
25/11/24,AMAT,Long,736.3240733,0.2
25/11/24,ABNB,Long,911.980245,0.2
25/11/24,BKNG,Short,25.15749541,0.2
25/11/24,CDNS,Short,411.4259843,0.2
25/11/24,SBUX,Short,1262.032344,0.2
25/11/24,TTWO,Short,685.0302345,0.2
25/11/24,CSCO,Short,2188.038229,0.2
26/11/24,AVGO,Long,786.052822,0.2
26/11/24,CDW,Long,728.3146457,0.2
26/11/24,CTSH,Long,1597.512338,0.2
26/11/24,GILD,Long,1417.562653,0.2
26/11/24,CHTR,Long,331.7900622,0.2
26/11/24,BKNG,Short,24.83246289,0.2
26/11/24,REGN,Short,171.9643855,0.2
26/11/24,CDNS,Short,417.5889831,0.2
26/11/24,CRWD,Short,355.4607482,0.2
26/11/24,SBUX,Short,1286.197317,0.2
27/11/24,AVGO,Long,809.877053,0.2
27/11/24,GILD,Long,1399.340574,0.2
27/11/24,QCOM,Long,826.8099272,0.2
27/11/24,VRTX,Long,278.3560105,0.2
27/11/24,CDW,Long,731.6156581,0.2
27/11/24,BKNG,Short,24.75767879,0.2
27/11/24,REGN,Short,171.3050835,0.2
27/11/24,APP,Short,393.5752025,0.2
27/11/24,CRWD,Short,372.0275869,0.2
27/11/24,TTWO,Short,696.8800888,0.2
29/11/24,AVGO,Long,798.9002343,0.2
29/11/24,QCOM,Long,816.7902128,0.2
29/11/24,CDW,Long,736.0072576,0.2
29/11/24,PDD,Long,1340.987518,0.2
29/11/24,GILD,Long,1398.636302,0.2
29/11/24,BKNG,Short,24.89162817,0.2
29/11/24,CTAS,Short,573.4786983,0.2
29/11/24,TTWO,Short,687.3646251,0.2
29/11/24,REGN,Short,172.5970469,0.2
29/11/24,CRWD,Short,374.2687255,0.2
2/12/24,PDD,Long,1306.873453,0.2
2/12/24,QCOM,Long,793.4388745,0.2
2/12/24,GOOGL,Long,754.2966622,0.2
2/12/24,GILD,Long,1375.817309,0.2
2/12/24,GOOG,Long,747.7994099,0.2
2/12/24,BKNG,Short,24.7602242,0.2
2/12/24,REGN,Short,169.6806336,0.2
2/12/24,APP,Short,379.7948857,0.2
2/12/24,PANW,Short,663.0665314,0.2
2/12/24,AXON,Short,203.2626782,0.2
3/12/24,GILD,Long,1407.507369,0.2
3/12/24,TXN,Long,660.0433829,0.2
3/12/24,PAYX,Long,900.9644171,0.2
3/12/24,AEP,Long,1341.78889,0.2
3/12/24,TSLA,Long,370.4409214,0.2
3/12/24,BKNG,Short,24.96564434,0.2
3/12/24,APP,Short,355.1503422,0.2
3/12/24,REGN,Short,173.6733758,0.2
3/12/24,PEP,Short,805.0733212,0.2
3/12/24,CPRT,Short,2091.586601,0.2
4/12/24,GILD,Long,1401.161084,0.2
4/12/24,CTSH,Long,1592.607789,0.2
4/12/24,ADP,Long,422.8552593,0.2
4/12/24,VRSK,Long,439.9613886,0.2
4/12/24,AEP,Long,1333.322998,0.2
4/12/24,BKNG,Short,24.47614315,0.2
4/12/24,APP,Short,343.4100464,0.2
4/12/24,REGN,Short,170.1433681,0.2
4/12/24,CPRT,Short,2037.991679,0.2
4/12/24,AMZN,Short,588.2486999,0.2
5/12/24,CTSH,Long,1577.433905,0.2
5/12/24,ADP,Long,421.9557641,0.2
5/12/24,CDW,Long,714.2245781,0.2
5/12/24,VRSK,Long,440.7969787,0.2
5/12/24,VRTX,Long,276.8878082,0.2
5/12/24,APP,Short,335.9438679,0.2
5/12/24,CTAS,Short,570.4965673,0.2
5/12/24,REGN,Short,165.8370106,0.2
5/12/24,AMD,Short,900.8647701,0.2
5/12/24,BKNG,Short,24.08239236,0.2
6/12/24,CTSH,Long,1560.912503,0.2
6/12/24,CSX,Long,3676.866449,0.2
6/12/24,VRSK,Long,441.2598518,0.2
6/12/24,QCOM,Long,794.1073057,0.2
6/12/24,ADP,Long,415.905086,0.2
6/12/24,APP,Short,315.4870535,0.2
6/12/24,BKNG,Short,23.89810007,0.2
6/12/24,REGN,Short,162.8124061,0.2
6/12/24,PANW,Short,624.1342886,0.2
6/12/24,AMAT,Short,732.1006175,0.2
9/12/24,DXCM,Long,1599.274801,0.2
9/12/24,CTSH,Long,1555.048908,0.2
9/12/24,GILD,Long,1384.249344,0.2
9/12/24,CHTR,Long,342.6580662,0.2
9/12/24,VRTX,Long,264.5663109,0.2
9/12/24,APP,Short,366.0861208,0.2
9/12/24,BKNG,Short,24.35123904,0.2
9/12/24,REGN,Short,159.1359682,0.2
9/12/24,TXN,Short,648.2250966,0.2
9/12/24,DDOG,Short,777.9585648,0.2
10/12/24,CTSH,Long,1583.381337,0.2
10/12/24,GILD,Long,1372.812552,0.2
10/12/24,PAYX,Long,890.2697278,0.2
10/12/24,DXCM,Long,1596.341773,0.2
10/12/24,CSCO,Long,2158.813068,0.2
10/12/24,DDOG,Short,818.3171067,0.2
10/12/24,APP,Short,394.8343206,0.2
10/12/24,ADBE,Short,231.7256354,0.2
10/12/24,BKNG,Short,24.44695016,0.2
10/12/24,REGN,Short,162.8330199,0.2
11/12/24,CHTR,Long,339.3346166,0.2
11/12/24,CTSH,Long,1580.735455,0.2
11/12/24,CSCO,Long,2192.093453,0.2
11/12/24,ADP,Long,427.0482319,0.2
11/12/24,FTNT,Long,1310.024016,0.2
11/12/24,DDOG,Short,820.7742795,0.2
11/12/24,CCEP,Short,1628.43605,0.2
11/12/24,ADBE,Short,233.547465,0.2
11/12/24,AMAT,Short,750.5098585,0.2
11/12/24,REGN,Short,166.1510424,0.2
12/12/24,AZN,Long,1915.649919,0.2
12/12/24,CHTR,Long,330.1161184,0.2
12/12/24,XEL,Long,1872.296893,0.2
12/12/24,ADP,Long,429.2338418,0.2
12/12/24,CSGP,Long,1638.768182,0.2
12/12/24,BKNG,Short,24.33769398,0.2
12/12/24,APP,Short,393.1014181,0.2
12/12/24,AMD,Short,981.8805837,0.2
12/12/24,REGN,Short,173.061818,0.2
12/12/24,AVGO,Short,709.8063081,0.2
13/12/24,AZN,Long,1944.722787,0.2
13/12/24,GILD,Long,1409.532396,0.2
13/12/24,SNPS,Long,254.7407866,0.2
13/12/24,PAYX,Long,918.4256677,0.2
13/12/24,CMCSA,Long,3243.478273,0.2
13/12/24,APP,Short,399.0496694,0.2
13/12/24,BKNG,Short,24.76842192,0.2
13/12/24,REGN,Short,177.0540802,0.2
13/12/24,ADBE,Short,278.0382788,0.2
13/12/24,ZS,Short,652.1590163,0.2
16/12/24,SNPS,Long,248.9837081,0.2
16/12/24,AZN,Long,1962.809507,0.2
16/12/24,CHTR,Long,343.0177752,0.2
16/12/24,PAYX,Long,920.6578118,0.2
16/12/24,ADP,Long,437.9801263,0.2
16/12/24,AVGO,Short,519.9875209,0.2
16/12/24,REGN,Short,179.3382001,0.2
16/12/24,BKNG,Short,25.23167761,0.2
16/12/24,ZS,Short,635.9614397,0.2
16/12/24,CPRT,Short,2127.260332,0.2
17/12/24,XEL,Long,1889.359542,0.2
17/12/24,ADP,Long,435.1848898,0.2
17/12/24,ABNB,Long,972.6829682,0.2
17/12/24,AZN,Long,1914.67104,0.2
17/12/24,AMGN,Long,483.6533001,0.2
17/12/24,AVGO,Short,535.4352218,0.2
17/12/24,APP,Short,380.6789058,0.2
17/12/24,REGN,Short,173.8187313,0.2
17/12/24,ZS,Short,641.6942031,0.2
17/12/24,CRWD,Short,341.7129708,0.2
18/12/24,AMGN,Long,501.3807234,0.2
18/12/24,ADI,Long,624.4756236,0.2
18/12/24,CHTR,Long,362.1596032,0.2
18/12/24,XEL,Long,1954.025603,0.2
18/12/24,AZN,Long,2007.229335,0.2
18/12/24,AVGO,Short,580.2133343,0.2
18/12/24,APP,Short,414.4354296,0.2
18/12/24,REGN,Short,181.5612548,0.2
18/12/24,BKNG,Short,26.24683675,0.2
18/12/24,AAPL,Short,523.0691449,0.2
19/12/24,XEL,Long,1961.617539,0.2
19/12/24,AZN,Long,2028.892102,0.2
19/12/24,CSGP,Long,1872.01917,0.2
19/12/24,VRSK,Long,474.4241903,0.2
19/12/24,ADI,Long,629.2319413,0.2
19/12/24,AVGO,Short,598.8540106,0.2
19/12/24,BKNG,Short,26.25126788,0.2
19/12/24,APP,Short,410.1832716,0.2
19/12/24,REGN,Short,184.5983932,0.2
19/12/24,ZS,Short,713.6171999,0.2
20/12/24,CSGP,Long,1830.108556,0.2
20/12/24,ABNB,Long,974.167001,0.2
20/12/24,XEL,Long,1939.80648,0.2
20/12/24,CDW,Long,749.1145399,0.2
20/12/24,SBUX,Long,1486.222098,0.2
20/12/24,AVGO,Short,592.1598067,0.2
20/12/24,APP,Short,383.4216941,0.2
20/12/24,BKNG,Short,25.89692643,0.2
20/12/24,CRWD,Short,360.8792864,0.2
20/12/24,WDAY,Short,478.8417655,0.2
23/12/24,VRTX,Long,319.5965766,0.2
23/12/24,VRSK,Long,468.0817647,0.2
23/12/24,CSX,Long,4019.953327,0.2
23/12/24,SBUX,Long,1481.277419,0.2
23/12/24,DXCM,Long,1628.399542,0.2
23/12/24,APP,Short,375.6246689,0.2
23/12/24,AVGO,Short,557.4473755,0.2
23/12/24,PYPL,Short,1490.48215,0.2
23/12/24,ZS,Short,696.5843788,0.2
23/12/24,GOOG,Short,660.8648271,0.2
24/12/24,TMUS,Long,576.8290477,0.2
24/12/24,PEP,Long,841.8208548,0.2
24/12/24,SBUX,Long,1430.748944,0.2
24/12/24,XEL,Long,1885.920605,0.2
24/12/24,CTSH,Long,1618.299739,0.2
24/12/24,AVGO,Short,536.7099745,0.2
24/12/24,GOOG,Short,651.1041049,0.2
24/12/24,GOOGL,Short,655.9514679,0.2
24/12/24,ROST,Short,854.8554387,0.2
24/12/24,CRWD,Short,351.6734732,0.2
26/12/24,TMUS,Long,573.2847237,0.2
26/12/24,AEP,Long,1392.921206,0.2
26/12/24,XEL,Long,1880.79088,0.2
26/12/24,CMCSA,Long,3352.479027,0.2
26/12/24,SBUX,Long,1395.953864,0.2
26/12/24,AVGO,Short,522.6292895,0.2
26/12/24,ROST,Short,833.3809506,0.2
26/12/24,TTD,Short,1038.654817,0.2
26/12/24,BKNG,Short,25.16313094,0.2
26/12/24,ON,Short,1913.344214,0.2
27/12/24,TMUS,Long,573.8352666,0.2
27/12/24,XEL,Long,1878.144185,0.2
27/12/24,TEAM,Long,511.6818331,0.2
27/12/24,AXON,Long,209.4614352,0.2
27/12/24,PANW,Long,687.3818274,0.2
27/12/24,ROST,Short,836.6680046,0.2
27/12/24,AAPL,Short,500.7110819,0.2
27/12/24,ON,Short,1938.747757,0.2
27/12/24,REGN,Short,179.641689,0.2
27/12/24,TTD,Short,1054.261012,0.2
30/12/24,TMUS,Long,579.4793707,0.2
30/12/24,CMCSA,Long,3419.842796,0.2
30/12/24,SBUX,Long,1411.657292,0.2
30/12/24,CSGP,Long,1780.394328,0.2
30/12/24,PANW,Long,694.1798164,0.2
30/12/24,TTD,Short,1064.0586,0.2
30/12/24,AAPL,Short,507.0099985,0.2
30/12/24,ROST,Short,844.0126737,0.2
30/12/24,DXCM,Short,1639.332309,0.2
30/12/24,BIIB,Short,851.374379,0.2
31/12/24,TMUS,Long,579.0824897,0.2
31/12/24,VRTX,Long,317.4096638,0.2
31/12/24,SBUX,Long,1400.776718,0.2
31/12/24,AMGN,Long,490.4115573,0.2
31/12/24,SNPS,Long,263.3527265,0.2
31/12/24,ROST,Short,844.9849399,0.2
31/12/24,ON,Short,2027.293846,0.2
31/12/24,AVGO,Short,551.3322873,0.2
31/12/24,AAPL,Short,510.42599,0.2
31/12/24,REGN,Short,179.4405295,0.2
2/1/25,XEL,Long,1915.610049,0.2
2/1/25,AMGN,Long,493.9744278,0.2
2/1/25,CSGP,Long,1808.240657,0.2
2/1/25,TMUS,Long,583.4177094,0.2
2/1/25,VRTX,Long,315.6488711,0.2
2/1/25,ROST,Short,839.3033022,0.2
2/1/25,ON,Short,2075.477085,0.2
2/1/25,BIIB,Short,853.8512602,0.2
2/1/25,AVGO,Short,552.10661,0.2
2/1/25,AAPL,Short,525.2314367,0.2
3/1/25,XEL,Long,1925.471892,0.2
3/1/25,AMGN,Long,491.5769258,0.2
3/1/25,GILD,Long,1404.766656,0.2
3/1/25,AEP,Long,1394.999684,0.2
3/1/25,TMUS,Long,586.0514116,0.2
3/1/25,ROST,Short,832.4779589,0.2
3/1/25,TTD,Short,1053.920954,0.2
3/1/25,ON,Short,2009.227436,0.2
3/1/25,AVGO,Short,552.1811373,0.2
3/1/25,APP,Short,366.2048407,0.2
6/1/25,TMUS,Long,597.3103029,0.2
6/1/25,XEL,Long,1947.448054,0.2
6/1/25,AEP,Long,1404.525747,0.2
6/1/25,GILD,Long,1390.515843,0.2
6/1/25,ADSK,Long,433.6835008,0.2
6/1/25,ON,Short,1966.466607,0.2
6/1/25,TTD,Short,1002.186469,0.2
6/1/25,CTAS,Short,685.3417658,0.2
6/1/25,REGN,Short,177.1099368,0.2
6/1/25,AMD,Short,979.2108225,0.2
7/1/25,TMUS,Long,587.5540456,0.2
7/1/25,GILD,Long,1376.599665,0.2
7/1/25,AXON,Long,221.9831991,0.2
7/1/25,AEP,Long,1379.034179,0.2
7/1/25,XEL,Long,1900.688986,0.2
7/1/25,TSLA,Short,316.3638009,0.2
7/1/25,PLTR,Short,1782.557904,0.2
7/1/25,ON,Short,1988.86059,0.2
7/1/25,GOOG,Short,634.2393352,0.2
7/1/25,AVGO,Short,545.666656,0.2
8/1/25,COST,Long,136.6845311,0.2
8/1/25,AXON,Long,219.5536894,0.2
8/1/25,CSGP,Long,1776.803188,0.2
8/1/25,AEP,Long,1373.912096,0.2
8/1/25,CMCSA,Long,3410.200139,0.2
8/1/25,APP,Short,385.0459545,0.2
8/1/25,ROST,Short,819.7447385,0.2
8/1/25,AVGO,Short,552.776304,0.2
8/1/25,CDW,Short,699.002622,0.2
8/1/25,REGN,Short,172.7901529,0.2
10/1/25,GILD,Long,1413.446175,0.2
10/1/25,TMUS,Long,601.2330171,0.2
10/1/25,SBUX,Long,1377.133207,0.2
10/1/25,CSGP,Long,1818.241496,0.2
10/1/25,AXON,Long,222.8781375,0.2
10/1/25,AMZN,Short,580.2527493,0.2
10/1/25,ROST,Short,837.2250808,0.2
10/1/25,ON,Short,2355.219533,0.2
10/1/25,ASML,Short,171.9063838,0.2
10/1/25,REGN,Short,182.2990148,0.2
13/1/25,GILD,Long,1426.747723,0.2
13/1/25,AXON,Long,225.6483353,0.2
13/1/25,WDAY,Long,521.6329011,0.2
13/1/25,WBD,Long,13040.82232,0.2
13/1/25,CMCSA,Long,3520.485349,0.2
13/1/25,AMZN,Short,587.3921529,0.2
13/1/25,REGN,Short,178.9952424,0.2
13/1/25,AMD,Short,1093.775094,0.2
13/1/25,ASML,Short,176.4090381,0.2
13/1/25,ON,Short,2296.790695,0.2
14/1/25,TMUS,Long,595.0830476,0.2
14/1/25,WDAY,Long,518.0461058,0.2
14/1/25,AEP,Long,1348.728918,0.2
14/1/25,GILD,Long,1400.603107,0.2
14/1/25,DXCM,Long,1609.888666,0.2
14/1/25,AMZN,Short,585.2998071,0.2
14/1/25,REGN,Short,184.4846117,0.2
14/1/25,GOOGL,Short,672.0177176,0.2
14/1/25,CTAS,Short,662.8608466,0.2
14/1/25,GOOG,Short,667.1283996,0.2
15/1/25,GILD,Long,1384.535141,0.2
15/1/25,CMCSA,Long,3504.20144,0.2
15/1/25,TMUS,Long,597.1211689,0.2
15/1/25,AXON,Long,220.5230216,0.2
15/1/25,WBD,Long,13064.69388,0.2
15/1/25,AMZN,Short,572.6588272,0.2
15/1/25,REGN,Short,181.8281192,0.2
15/1/25,AMAT,Short,717.027408,0.2
15/1/25,CTAS,Short,653.5684954,0.2
15/1/25,GOOGL,Short,654.0698059,0.2
16/1/25,PEP,Long,863.6418973,0.2
16/1/25,PLTR,Long,1827.817472,0.2
16/1/25,CMCSA,Long,3485.488104,0.2
16/1/25,WDAY,Long,504.8188248,0.2
16/1/25,AXON,Long,216.02839,0.2
16/1/25,GOOG,Short,650.9854197,0.2
16/1/25,AMAT,Short,678.6683866,0.2
16/1/25,AMZN,Short,573.5433505,0.2
16/1/25,CTAS,Short,639.0208325,0.2
16/1/25,GOOGL,Short,656.0472522,0.2
17/1/25,PLTR,Long,1765.610736,0.2
17/1/25,CMCSA,Long,3464.129859,0.2
17/1/25,GILD,Long,1379.767875,0.2
17/1/25,CDNS,Long,414.6527292,0.2
17/1/25,ON,Long,2319.565698,0.2
17/1/25,CSX,Short,3871.612537,0.2
17/1/25,REGN,Short,185.9178283,0.2
17/1/25,AMZN,Short,560.8474604,0.2
17/1/25,TSLA,Short,297.1110822,0.2
17/1/25,BIIB,Short,901.5857263,0.2
21/1/25,AXON,Long,210.2065589,0.2
21/1/25,PLTR,Long,1742.122514,0.2
21/1/25,WBD,Long,13029.36393,0.2
21/1/25,AZN,Long,1873.114968,0.2
21/1/25,CMCSA,Long,3443.248237,0.2
21/1/25,REGN,Short,185.0783568,0.2
21/1/25,ROST,Short,854.6857087,0.2
21/1/25,AMZN,Short,551.7614661,0.2
21/1/25,GOOG,Short,637.6641207,0.2
21/1/25,CTAS,Short,632.594018,0.2
22/1/25,PLTR,Long,1660.245345,0.2
22/1/25,CCEP,Long,1656.151937,0.2
22/1/25,WBD,Long,12698.81212,0.2
22/1/25,CSGP,Long,1724.402926,0.2
22/1/25,CMCSA,Long,3439.047753,0.2
22/1/25,REGN,Short,187.672689,0.2
22/1/25,GOOG,Short,638.019622,0.2
22/1/25,CTAS,Short,641.2574689,0.2
22/1/25,AMZN,Short,543.053773,0.2
22/1/25,ROP,Short,238.7932665,0.2
23/1/25,CSGP,Long,1726.433685,0.2
23/1/25,CCEP,Long,1682.769452,0.2
23/1/25,AXON,Long,209.3516771,0.2
23/1/25,CMCSA,Long,3427.06508,0.2
23/1/25,WDAY,Long,502.9852378,0.2
23/1/25,APP,Short,354.2208337,0.2
23/1/25,GOOG,Short,643.4118227,0.2
23/1/25,CTAS,Short,649.2018745,0.2
23/1/25,AMZN,Short,545.4597475,0.2
23/1/25,GOOGL,Short,648.6116553,0.2
24/1/25,ZS,Long,664.9017946,0.2
24/1/25,CCEP,Long,1675.417466,0.2
24/1/25,CSGP,Long,1734.608207,0.2
24/1/25,PAYX,Long,880.42263,0.2
24/1/25,AEP,Long,1310.231723,0.2
24/1/25,GOOG,Short,637.139945,0.2
24/1/25,REGN,Short,190.352854,0.2
24/1/25,AMZN,Short,547.7477014,0.2
24/1/25,CDW,Short,659.2453636,0.2
24/1/25,AMAT,Short,688.8275824,0.2
27/1/25,PLTR,Long,1715.216619,0.2
27/1/25,AXON,Long,213.9907843,0.2
27/1/25,PAYX,Long,874.0607387,0.2
27/1/25,GILD,Long,1357.062905,0.2
27/1/25,ADSK,Long,432.6610584,0.2
27/1/25,GOOG,Short,667.7810963,0.2
27/1/25,CTAS,Short,638.8030581,0.2
27/1/25,CMCSA,Short,3384.670349,0.2
27/1/25,AVGO,Short,640.1619886,0.2
27/1/25,AMZN,Short,549.6387176,0.2
28/1/25,PLTR,Long,1633.578902,0.2
28/1/25,CSCO,Long,2205.317855,0.2
28/1/25,AXON,Long,205.5778312,0.2
28/1/25,WDAY,Long,484.6431399,0.2
28/1/25,GILD,Long,1396.505518,0.2
28/1/25,AMZN,Short,550.3340085,0.2
28/1/25,CSX,Short,4010.466326,0.2
28/1/25,CRWD,Short,320.6960045,0.2
28/1/25,CDNS,Short,437.8952426,0.2
28/1/25,COST,Short,136.7123652,0.2
29/1/25,AZN,Long,1868.164663,0.2
29/1/25,ABNB,Long,989.882077,0.2
29/1/25,GILD,Long,1372.932029,0.2
29/1/25,TSLA,Long,337.2874981,0.2
29/1/25,WDAY,Long,494.4934838,0.2
29/1/25,CRWD,Short,330.5174532,0.2
29/1/25,AMZN,Short,553.5857069,0.2
29/1/25,COST,Short,136.1367658,0.2
29/1/25,GOOG,Short,665.5775051,0.2
29/1/25,AMAT,Short,748.7366984,0.2
30/1/25,ABNB,Long,995.6227998,0.2
30/1/25,AZN,Long,1841.846239,0.2
30/1/25,ASML,Long,178.0392188,0.2
30/1/25,PLTR,Long,1615.527212,0.2
30/1/25,CCEP,Long,1654.224945,0.2
30/1/25,CRWD,Short,330.6199101,0.2
30/1/25,CTAS,Short,648.9916255,0.2
30/1/25,AMZN,Short,559.2103752,0.2
30/1/25,COST,Short,134.0263335,0.2
30/1/25,AMAT,Short,722.0620802,0.2
31/1/25,ABNB,Long,1000.800584,0.2
31/1/25,AZN,Long,1855.214908,0.2
31/1/25,GILD,Long,1350.565997,0.2
31/1/25,ASML,Long,177.5642305,0.2
31/1/25,WDAY,Long,500.9349464,0.2
31/1/25,CTAS,Short,654.5096776,0.2
31/1/25,AAPL,Short,556.2500459,0.2
31/1/25,GOOG,Short,638.4971154,0.2
31/1/25,AMZN,Short,552.3183056,0.2
31/1/25,ROST,Short,871.9116164,0.2
3/2/25,ABNB,Long,1010.632558,0.2
3/2/25,FTNT,Long,1299.899803,0.2
3/2/25,AZN,Long,1877.467664,0.2
3/2/25,WDAY,Long,504.9077942,0.2
3/2/25,GILD,Long,1333.196745,0.2
3/2/25,GOOG,Short,647.2556876,0.2
3/2/25,AAPL,Short,575.237469,0.2
3/2/25,AMZN,Short,552.4382662,0.2
3/2/25,BIIB,Short,921.4549355,0.2
3/2/25,CDNS,Short,439.6912421,0.2
4/2/25,AZN,Long,1907.753835,0.2
4/2/25,CDW,Long,659.9714315,0.2
4/2/25,ABNB,Long,1006.262025,0.2
4/2/25,PLTR,Long,1267.058658,0.2
4/2/25,FTNT,Long,1280.002961,0.2
4/2/25,TSLA,Short,335.4292486,0.2
4/2/25,AMZN,Short,543.4962574,0.2
4/2/25,AAPL,Short,565.114695,0.2
4/2/25,ROP,Short,227.7402438,0.2
4/2/25,ROST,Short,895.2616908,0.2
5/2/25,AZN,Long,1888.07521,0.2
5/2/25,CDW,Long,649.7843926,0.2
5/2/25,ADI,Long,638.4178173,0.2
5/2/25,GILD,Long,1344.104947,0.2
5/2/25,ABNB,Long,1033.488069,0.2
5/2/25,AMZN,Short,567.1341028,0.2
5/2/25,ROP,Short,230.3671424,0.2
5/2/25,AAPL,Short,576.1606199,0.2
5/2/25,CRWD,Short,321.0298155,0.2
5/2/25,PCAR,Short,1251.893286,0.2
6/2/25,AZN,Long,1867.263669,0.2
6/2/25,PLTR,Long,1214.191245,0.2
6/2/25,GILD,Long,1378.164004,0.2
6/2/25,CDW,Long,676.0492334,0.2
6/2/25,ABNB,Long,1019.198859,0.2
6/2/25,AAPL,Short,579.3465376,0.2
6/2/25,AMZN,Short,565.7379691,0.2
6/2/25,CRWD,Short,321.3126848,0.2
6/2/25,PCAR,Short,1254.784545,0.2
6/2/25,ROST,Short,931.7004291,0.2
7/2/25,AZN,Long,1891.174511,0.2
7/2/25,GILD,Long,1417.593166,0.2
7/2/25,AVGO,Long,605.4415971,0.2
7/2/25,PEP,Long,941.6630742,0.2
7/2/25,CMCSA,Long,3961.176992,0.2
7/2/25,AMZN,Short,594.1333302,0.2
7/2/25,AMAT,Short,756.3647166,0.2
7/2/25,AAPL,Short,598.1006285,0.2
7/2/25,ROP,Short,237.7010382,0.2
7/2/25,ANSS,Short,394.785289,0.2
10/2/25,PEP,Long,945.5185364,0.2
10/2/25,GILD,Long,1429.467969,0.2
10/2/25,ABNB,Long,1009.2103,0.2
10/2/25,CSGP,Long,1773.231185,0.2
10/2/25,CHTR,Long,397.0721268,0.2
10/2/25,BKNG,Short,27.77778826,0.2
10/2/25,TSLA,Short,389.1472136,0.2
10/2/25,CTAS,Short,669.1454904,0.2
10/2/25,AAPL,Short,599.5414459,0.2
10/2/25,AMZN,Short,585.4233802,0.2
11/2/25,PEP,Long,933.4368474,0.2
11/2/25,GILD,Long,1414.039346,0.2
11/2/25,FAST,Long,1828.948453,0.2
11/2/25,PYPL,Long,1783.830777,0.2
11/2/25,PLTR,Long,1207.118971,0.2
11/2/25,AMZN,Short,584.05974,0.2
11/2/25,CTAS,Short,661.8585488,0.2
11/2/25,TSLA,Short,413.8378748,0.2
11/2/25,CDNS,Short,447.381262,0.2
11/2/25,BKR,Short,2885.708769,0.2
12/2/25,PEP,Long,946.0109197,0.2
12/2/25,AZN,Long,1830.123834,0.2
12/2/25,GILD,Long,1318.518253,0.2
12/2/25,PYPL,Long,1785.972512,0.2
12/2/25,TXN,Long,756.7982297,0.2
12/2/25,BKNG,Short,27.1449054,0.2
12/2/25,AMZN,Short,595.012108,0.2
12/2/25,AAPL,Short,575.0670002,0.2
12/2/25,CTAS,Short,665.735385,0.2
12/2/25,TSLA,Short,404.7906855,0.2
13/2/25,BIIB,Long,987.1534185,0.2
13/2/25,PEP,Long,945.2993917,0.2
13/2/25,FAST,Long,1827.401873,0.2
13/2/25,DXCM,Long,1625.29901,0.2
13/2/25,TXN,Long,755.9258046,0.2
13/2/25,AMZN,Short,593.2690484,0.2
13/2/25,BKNG,Short,27.28679746,0.2
13/2/25,AAPL,Short,565.8567816,0.2
13/2/25,GOOGL,Short,734.2397562,0.2
13/2/25,AMAT,Short,741.6909134,0.2
14/2/25,PEP,Long,952.5284173,0.2
14/2/25,PYPL,Long,1751.738451,0.2
14/2/25,TXN,Long,746.2331316,0.2
14/2/25,DXCM,Long,1533.434935,0.2
14/2/25,AXON,Long,199.855218,0.2
14/2/25,AAPL,Short,558.3934823,0.2
14/2/25,TSLA,Short,383.8327635,0.2
14/2/25,GOOGL,Short,737.370039,0.2
14/2/25,AMZN,Short,597.2671574,0.2
14/2/25,AMAT,Short,807.2284376,0.2
18/2/25,PEP,Long,965.1290916,0.2
18/2/25,CMCSA,Long,3826.00038,0.2
18/2/25,GILD,Long,1321.378698,0.2
18/2/25,PYPL,Long,1768.953232,0.2
18/2/25,TTD,Long,1737.787206,0.2
18/2/25,BKNG,Short,27.04752175,0.2
18/2/25,GOOGL,Short,756.7889468,0.2
18/2/25,AAPL,Short,568.8841465,0.2
18/2/25,GOOG,Short,748.5204828,0.2
18/2/25,AMZN,Short,613.6117879,0.2
19/2/25,PEP,Long,957.5895554,0.2
19/2/25,BIIB,Long,1021.555006,0.2
19/2/25,DXCM,Long,1556.937224,0.2
19/2/25,PYPL,Long,1781.854641,0.2
19/2/25,ADI,Long,577.7792295,0.2
19/2/25,BKNG,Short,27.32088758,0.2
19/2/25,GOOGL,Short,753.6359233,0.2
19/2/25,AAPL,Short,570.2051436,0.2
19/2/25,AMZN,Short,616.0972851,0.2
19/2/25,PLTR,Short,1245.994412,0.2
20/2/25,BIIB,Long,1037.222841,0.2
20/2/25,TTD,Long,1877.492443,0.2
20/2/25,PYPL,Long,1831.540822,0.2
20/2/25,CTAS,Long,690.4409947,0.2
20/2/25,DXCM,Long,1591.476548,0.2
20/2/25,AAPL,Short,578.3773662,0.2
20/2/25,GOOGL,Short,770.3863831,0.2
20/2/25,PLTR,Short,1337.936515,0.2
20/2/25,GOOG,Short,761.8008436,0.2
20/2/25,CDW,Short,737.4611346,0.2
21/2/25,BIIB,Long,1012.71779,0.2
21/2/25,TTD,Long,1976.528368,0.2
21/2/25,PCAR,Long,1363.475308,0.2
21/2/25,ADSK,Long,499.7495768,0.2
21/2/25,TEAM,Long,498.0196309,0.2
21/2/25,AAPL,Short,580.0392084,0.2
21/2/25,GOOGL,Short,792.767597,0.2
21/2/25,CTSH,Short,1678.197535,0.2
21/2/25,CDW,Short,763.6923828,0.2
21/2/25,GOOG,Short,784.3849981,0.2
24/2/25,TTD,Long,1920.027943,0.2
24/2/25,PYPL,Long,1893.236777,0.2
24/2/25,BIIB,Long,1008.466505,0.2
24/2/25,TEAM,Long,501.5351289,0.2
24/2/25,PCAR,Long,1340.857106,0.2
24/2/25,GOOGL,Short,794.7897768,0.2
24/2/25,APP,Short,347.0972427,0.2
24/2/25,PLTR,Short,1571.085873,0.2
24/2/25,ADI,Short,601.1479986,0.2
24/2/25,GOOG,Short,786.2799579,0.2
25/2/25,CTAS,Long,703.7000126,0.2
25/2/25,BKR,Long,3288.727038,0.2
25/2/25,PYPL,Long,1955.387368,0.2
25/2/25,BIIB,Long,1009.588282,0.2
25/2/25,QCOM,Long,898.3720423,0.2
25/2/25,BKNG,Short,28.77243362,0.2
25/2/25,GOOGL,Short,825.6501155,0.2
25/2/25,AAPL,Short,586.2837827,0.2
25/2/25,COST,Short,137.1990386,0.2
25/2/25,GOOG,Short,816.572959,0.2
26/2/25,CTAS,Long,709.5224778,0.2
26/2/25,FAST,Long,1961.869494,0.2
26/2/25,TTD,Long,2001.415644,0.2
26/2/25,AMD,Long,1384.02271,0.2
26/2/25,PYPL,Long,2011.971264,0.2
26/2/25,BKNG,Short,28.79354487,0.2
26/2/25,COST,Short,140.4716608,0.2
26/2/25,SBUX,Short,1282.854298,0.2
26/2/25,ROP,Short,252.0429967,0.2
26/2/25,AXON,Short,253.2538951,0.2
27/2/25,FAST,Long,1920.711679,0.2
27/2/25,DDOG,Long,1253.461841,0.2
27/2/25,DXCM,Long,1620.607279,0.2
27/2/25,PYPL,Long,2011.954114,0.2
27/2/25,TTD,Long,1990.56547,0.2
27/2/25,BKNG,Short,28.93488473,0.2
27/2/25,COST,Short,139.2817122,0.2
27/2/25,TTWO,Short,683.4710948,0.2
27/2/25,AXON,Short,270.8311521,0.2
27/2/25,SBUX,Short,1242.951558,0.2
28/2/25,DXCM,Long,1617.891688,0.2
28/2/25,PYPL,Long,2012.288342,0.2
28/2/25,FAST,Long,1887.93195,0.2
28/2/25,AMD,Long,1431.73535,0.2
28/2/25,DDOG,Long,1226.710331,0.2
28/2/25,BKNG,Short,28.50335218,0.2
28/2/25,WDAY,Short,542.9220584,0.2
28/2/25,COST,Short,136.3453475,0.2
28/2/25,GOOGL,Short,839.6352707,0.2
28/2/25,ROST,Short,1018.907393,0.2
3/3/25,PYPL,Long,2043.14009,0.2
3/3/25,BIIB,Long,1005.638378,0.2
3/3/25,AMD,Long,1450.768771,0.2
3/3/25,CDNS,Long,589.5136015,0.2
3/3/25,CTAS,Long,687.0222547,0.2
3/3/25,ROST,Short,1041.656486,0.2
3/3/25,FTNT,Short,1337.610475,0.2
3/3/25,COST,Short,136.1312744,0.2
3/3/25,BKNG,Short,28.81211125,0.2
3/3/25,GOOG,Short,844.9485247,0.2
4/3/25,CTAS,Long,696.6183513,0.2
4/3/25,CDW,Long,831.7782054,0.2
4/3/25,PYPL,Long,2111.740385,0.2
4/3/25,APP,Long,435.4742642,0.2
4/3/25,AMD,Long,1414.394524,0.2
4/3/25,FTNT,Short,1338.281778,0.2
4/3/25,ADI,Short,630.0302983,0.2
4/3/25,AAPL,Short,603.9937807,0.2
4/3/25,GOOGL,Short,833.7248407,0.2
4/3/25,COST,Short,137.4330909,0.2
5/3/25,AMD,Long,1392.337316,0.2
5/3/25,CDW,Long,820.2035773,0.2
5/3/25,ADSK,Long,529.7071456,0.2
5/3/25,DDOG,Long,1229.984681,0.2
5/3/25,PYPL,Long,2036.819171,0.2
5/3/25,ROP,Short,238.390955,0.2
5/3/25,ZS,Short,720.5850578,0.2
5/3/25,ROST,Short,1021.054047,0.2
5/3/25,AMZN,Short,679.3959109,0.2
5/3/25,COST,Short,135.107547,0.2
6/3/25,APP,Long,542.1818484,0.2
6/3/25,CDW,Long,841.6039732,0.2
6/3/25,DDOG,Long,1262.93448,0.2
6/3/25,DXCM,Long,1770.427269,0.2
6/3/25,TEAM,Long,561.5841135,0.2
6/3/25,GOOGL,Short,816.7488886,0.2
6/3/25,ANSS,Short,432.9417162,0.2
6/3/25,PLTR,Short,1749.523708,0.2
6/3/25,ROST,Short,1020.862112,0.2
6/3/25,AAPL,Short,598.1671476,0.2
7/3/25,CDW,Long,814.0748203,0.2
7/3/25,BKR,Long,3195.751351,0.2
7/3/25,CTAS,Long,675.0013551,0.2
7/3/25,TEAM,Long,573.8330954,0.2
7/3/25,PYPL,Long,1944.746978,0.2
7/3/25,COST,Short,142.1387042,0.2
7/3/25,ROST,Short,1008.13303,0.2
7/3/25,AAPL,Short,573.3290221,0.2
7/3/25,ROP,Short,232.9545062,0.2
7/3/25,GOOGL,Short,788.3686474,0.2
10/3/25,CDW,Long,813.9605362,0.2
10/3/25,ADSK,Long,555.4526949,0.2
10/3/25,ON,Long,3124.421343,0.2
10/3/25,DDOG,Long,1357.348194,0.2
10/3/25,CPRT,Long,2612.162946,0.2
10/3/25,GOOG,Short,822.2063526,0.2
10/3/25,AAPL,Short,606.5344145,0.2
10/3/25,ROST,Short,1044.311619,0.2
10/3/25,GOOGL,Short,831.8228135,0.2
10/3/25,ROP,Short,239.35197,0.2
11/3/25,ADSK,Long,551.1412731,0.2
11/3/25,CDW,Long,832.6033675,0.2
11/3/25,ON,Long,3225.706714,0.2
11/3/25,CTAS,Long,703.3668774,0.2
11/3/25,DXCM,Long,1967.745339,0.2
11/3/25,COST,Short,148.5817077,0.2
11/3/25,GOOG,Short,832.9545444,0.2
11/3/25,AAPL,Short,626.0360171,0.2
11/3/25,GOOGL,Short,842.8053973,0.2
11/3/25,ZS,Short,693.4881184,0.2
12/3/25,CDW,Long,825.7015674,0.2
12/3/25,ADSK,Long,546.4023145,0.2
12/3/25,ON,Long,3211.468638,0.2
12/3/25,DXCM,Long,1944.76289,0.2
12/3/25,TTD,Long,2285.904062,0.2
12/3/25,GOOG,Short,814.2687944,0.2
12/3/25,GOOGL,Short,823.4781027,0.2
12/3/25,AAPL,Short,634.2125033,0.2
12/3/25,ANSS,Short,433.4354798,0.2
12/3/25,ROST,Short,1087.665428,0.2
13/3/25,ON,Long,3276.342559,0.2
13/3/25,CTAS,Long,724.6187561,0.2
13/3/25,DXCM,Long,2016.615612,0.2
13/3/25,CDW,Long,844.6351307,0.2
13/3/25,ADP,Long,475.2980543,0.2
13/3/25,GOOG,Short,838.3284614,0.2
13/3/25,GOOGL,Short,848.4753534,0.2
13/3/25,PCAR,Short,1403.148206,0.2
13/3/25,ADI,Short,677.6145329,0.2
13/3/25,AMAT,Short,920.9592976,0.2
14/3/25,ON,Long,3195.887061,0.2
14/3/25,DXCM,Long,1952.614981,0.2
14/3/25,CDW,Long,826.5290884,0.2
14/3/25,CTAS,Long,715.7766044,0.2
14/3/25,ABNB,Long,1123.476779,0.2
14/3/25,BKNG,Short,30.91053109,0.2
14/3/25,ADI,Short,661.2232707,0.2
14/3/25,REGN,Short,206.9824085,0.2
14/3/25,GOOG,Short,823.4719114,0.2
14/3/25,AAPL,Short,646.5424808,0.2
17/3/25,ON,Long,3142.448797,0.2
17/3/25,DXCM,Long,1940.082271,0.2
17/3/25,CRWD,Long,379.4229427,0.2
17/3/25,CTAS,Long,709.252797,0.2
17/3/25,PEP,Long,914.6614936,0.2
17/3/25,BKNG,Short,30.33377882,0.2
17/3/25,ADI,Short,653.93458,0.2
17/3/25,APP,Short,451.1157384,0.2
17/3/25,GOOG,Short,831.0311641,0.2
17/3/25,CSX,Short,4563.958702,0.2
18/3/25,ON,Long,3185.466671,0.2
18/3/25,DXCM,Long,1956.33611,0.2
18/3/25,TEAM,Long,630.2709453,0.2
18/3/25,CDW,Long,809.9845483,0.2
18/3/25,GILD,Long,1254.766877,0.2
18/3/25,BKNG,Short,30.93204852,0.2
18/3/25,VRTX,Short,270.0212059,0.2
18/3/25,ADI,Short,661.2782301,0.2
18/3/25,CCEP,Short,1615.994426,0.2
18/3/25,CMCSA,Short,3840.95983,0.2
19/3/25,ON,Long,3159.055082,0.2
19/3/25,DXCM,Long,1876.146517,0.2
19/3/25,AZN,Long,1803.873517,0.2
19/3/25,CDW,Long,796.526436,0.2
19/3/25,CHTR,Long,389.9825238,0.2
19/3/25,BKNG,Short,29.98147216,0.2
19/3/25,VRTX,Short,268.6170706,0.2
19/3/25,CSX,Short,4578.371389,0.2
19/3/25,ADI,Short,655.6728365,0.2
19/3/25,ROP,Short,238.256273,0.2
20/3/25,ON,Long,3187.479558,0.2
20/3/25,BIIB,Long,973.9645961,0.2
20/3/25,CDW,Long,819.1987766,0.2
20/3/25,CTAS,Long,708.1102263,0.2
20/3/25,DXCM,Long,1833.299404,0.2
20/3/25,VRTX,Short,269.9030172,0.2
20/3/25,BKNG,Short,30.00615071,0.2
20/3/25,ROST,Short,1105.129382,0.2
20/3/25,CDNS,Short,532.6851812,0.2
20/3/25,AVGO,Short,722.6783048,0.2
21/3/25,ON,Long,3147.077259,0.2
21/3/25,BIIB,Long,977.8498546,0.2
21/3/25,CTAS,Long,720.7147558,0.2
21/3/25,CDW,Long,832.14974,0.2
21/3/25,REGN,Long,209.2380067,0.2
21/3/25,VRTX,Short,273.8057138,0.2
21/3/25,BKNG,Short,29.84000155,0.2
21/3/25,GOOG,Short,828.7460965,0.2
21/3/25,APP,Short,438.7448304,0.2
21/3/25,AMGN,Short,435.9544198,0.2
24/3/25,ON,Long,2996.315132,0.2
24/3/25,BIIB,Long,966.6078406,0.2
24/3/25,ADBE,Long,346.9761343,0.2
24/3/25,CDW,Long,803.6620168,0.2
24/3/25,CTAS,Long,703.4572183,0.2
24/3/25,BKNG,Short,29.06153017,0.2
24/3/25,VRTX,Short,267.4633187,0.2
24/3/25,REGN,Short,207.0675887,0.2
24/3/25,GOOG,Short,805.459201,0.2
24/3/25,CMCSA,Short,3739.663438,0.2
25/3/25,ON,Long,3035.464203,0.2
25/3/25,CTAS,Long,710.9318847,0.2
25/3/25,GILD,Long,1274.788099,0.2
25/3/25,SBUX,Long,1434.469036,0.2
25/3/25,XEL,Long,2024.685508,0.2
25/3/25,VRTX,Short,270.188757,0.2
25/3/25,BKNG,Short,28.78599277,0.2
25/3/25,CPRT,Short,2474.130002,0.2
25/3/25,REGN,Short,216.8872552,0.2
25/3/25,AMGN,Short,448.2073055,0.2
26/3/25,ADBE,Long,344.8356411,0.2
26/3/25,PCAR,Long,1378.268534,0.2
26/3/25,QCOM,Long,866.0841345,0.2
26/3/25,ON,Long,3045.716313,0.2
26/3/25,FTNT,Long,1358.074078,0.2
26/3/25,BKNG,Short,28.793966,0.2
26/3/25,BIIB,Short,963.1332766,0.2
26/3/25,ADI,Short,651.5891623,0.2
26/3/25,VRTX,Short,274.2045772,0.2
26/3/25,AZN,Short,1886.40076,0.2
27/3/25,BKR,Long,3130.621062,0.2
27/3/25,ADSK,Long,506.2414348,0.2
27/3/25,ADBE,Long,344.7911205,0.2
27/3/25,ON,Long,3121.320967,0.2
27/3/25,PANW,Long,783.0142075,0.2
27/3/25,BKNG,Short,28.73863952,0.2
27/3/25,CPRT,Short,2454.870629,0.2
27/3/25,CTAS,Short,662.2496983,0.2
27/3/25,VRTX,Short,271.7918687,0.2
27/3/25,TSLA,Short,500.0878623,0.2
28/3/25,ON,Long,,0.2
28/3/25,ADBE,Long,,0.2
28/3/25,PCAR,Long,,0.2
28/3/25,WDAY,Long,,0.2
28/3/25,SBUX,Long,,0.2
28/3/25,COST,Short,,0.2
28/3/25,CPRT,Short,,0.2
28/3/25,VRTX,Short,,0.2
28/3/25,TSLA,Short,,0.2
28/3/25,BKNG,Short,,0.2
,,,,
,,,,
,,,,
,,,,
,,,,
,,,,
,,,,
,,,,
,,,,
,,,,