Date,Ticker,Position_Type,Shares,Weight
2024-08-01,AMGN,Long,298.03594421903665,0.2
2024-08-01,CTSH,Long,1310.4442825229562,0.2
2024-08-01,ODFL,Long,492.12599164295983,0.2
2024-08-01,ADBE,Long,183.01276498397473,0.2
2024-08-01,WBD,Long,11933.174061379068,0.2
2024-08-01,AAPL,Short,457.95933193113945,0.2
2024-08-01,GEHC,Short,1199.0407454485494,0.2
2024-08-01,CSCO,Short,2110.149847814588,0.2
2024-08-01,SBUX,Short,1331.380630906533,0.2
2024-08-01,XEL,Short,1691.7611058607833,0.2
2024-08-02,BKNG,Long,30.073771569913337,0.2
2024-08-02,WBD,Long,12102.710073824011,0.2
2024-08-02,DASH,Long,853.786701224942,0.2
2024-08-02,ODFL,Long,512.963408955563,0.2
2024-08-02,AMGN,Long,299.67789687489903,0.2
2024-08-02,AAPL,Short,455.241597256654,0.2
2024-08-02,MELI,Short,56.35221155158578,0.2
2024-08-02,XEL,Short,1675.1367004302185,0.2
2024-08-02,CSCO,Short,2145.079686627063,0.2
2024-08-02,BKR,Short,2800.487217408527,0.2
2024-08-05,BKNG,Long,29.19430210676354,0.2
2024-08-05,DXCM,Long,1363.7563877564148,0.2
2024-08-05,DASH,Long,814.318821898422,0.2
2024-08-05,GEHC,Long,1211.6889063903552,0.2
2024-08-05,WBD,Long,12535.136313052035,0.2
2024-08-05,AAPL,Short,472.0068503118063,0.2
2024-08-05,MELI,Short,55.61761012465235,0.2
2024-08-05,XEL,Short,1703.3432095598819,0.2
2024-08-05,CSCO,Short,2207.797762084652,0.2
2024-08-05,BKR,Short,2862.2683391945798,0.2
2024-08-06,GEHC,Long,1227.2314514768243,0.2
2024-08-06,BKNG,Long,29.288376720765605,0.2
2024-08-06,WBD,Long,13220.703612108844,0.2
2024-08-06,AEP,Long,1018.2188186076004,0.2
2024-08-06,DASH,Long,816.0529118658488,0.2
2024-08-06,AAPL,Short,482.94518494673855,0.2
2024-08-06,MELI,Short,55.281308338735435,0.2
2024-08-06,XEL,Short,1729.7049353166262,0.2
2024-08-06,CSCO,Short,2216.1366021103586,0.2
2024-08-06,BKR,Short,2925.4817682404732,0.2
2024-08-07,FTNT,Long,1427.454399778226,0.2
2024-08-07,AEP,Long,1002.5297470931373,0.2
2024-08-07,REGN,Long,93.48368800101436,0.2
2024-08-07,ABNB,Long,883.3013425819046,0.2
2024-08-07,BKNG,Long,30.197628001201387,0.2
2024-08-07,AAPL,Short,475.7500863960444,0.2
2024-08-07,GEHC,Short,1258.1534058433488,0.2
2024-08-07,MELI,Short,53.67633985752037,0.2
2024-08-07,CSCO,Short,2212.364560620037,0.2
2024-08-07,XEL,Short,1710.4504038406396,0.2
2024-08-08,FTNT,Long,1464.2649559148977,0.2
2024-08-08,CDW,Long,473.67396154455207,0.2
2024-08-08,REGN,Long,90.32713865751613,0.2
2024-08-08,TMUS,Long,519.424189360373,0.2
2024-08-08,DASH,Long,806.0733880821998,0.2
2024-08-08,AAPL,Short,471.45337194741217,0.2
2024-08-08,GEHC,Short,1221.6438045664422,0.2
2024-08-08,MELI,Short,53.79571857586471,0.2
2024-08-08,XEL,Short,1729.4190022391992,0.2
2024-08-08,CSCO,Short,2194.3206109791035,0.2
2024-08-09,CDW,Long,470.7959350918956,0.2
2024-08-09,DASH,Long,812.7228429038042,0.2
2024-08-09,TTWO,Long,694.815689177954,0.2
2024-08-09,TXN,Long,523.506631710003,0.2
2024-08-09,ANSS,Long,323.3913391276163,0.2
2024-08-09,AAPL,Short,465.33116278021265,0.2
2024-08-09,GEHC,Short,1206.513325596407,0.2
2024-08-09,REGN,Short,88.94948380925395,0.2
2024-08-09,MELI,Short,53.42012372802046,0.2
2024-08-09,ASML,Short,116.92895778640288,0.2
2024-08-12,PDD,Long,706.5185713527409,0.2
2024-08-12,TXN,Long,524.0950900895722,0.2
2024-08-12,CTAS,Long,530.0354176431078,0.2
2024-08-12,AVGO,Long,677.2823646219673,0.2
2024-08-12,WBD,Long,15001.147712492699,0.2
2024-08-12,AAPL,Short,462.7302086513607,0.2
2024-08-12,COST,Short,116.5599787734214,0.2
2024-08-12,KLAC,Short,132.87444180198898,0.2
2024-08-12,GEHC,Short,1222.0189191052466,0.2
2024-08-12,REGN,Short,89.78557010758931,0.2
2024-08-13,SBUX,Long,1046.695682163741,0.2
2024-08-13,AVGO,Long,642.7901841871535,0.2
2024-08-13,TXN,Long,508.8877947611337,0.2
2024-08-13,NXPI,Long,404.73416289627335,0.2
2024-08-13,FANG,Long,511.76770586821686,0.2
2024-08-13,AAPL,Short,453.64539060175974,0.2
2024-08-13,COST,Short,116.06821843450032,0.2
2024-08-13,NVDA,Short,864.2855006384708,0.2
2024-08-13,KLAC,Short,126.44787341831272,0.2
2024-08-13,REGN,Short,86.65762030235736,0.2
2024-08-14,TXN,Long,521.1747277543487,0.2
2024-08-14,CTAS,Long,534.3413826805659,0.2
2024-08-14,TTWO,Long,703.5193308796061,0.2
2024-08-14,FAST,Long,1538.3581406110504,0.2
2024-08-14,VRSK,Long,379.56361072315235,0.2
2024-08-14,AAPL,Short,459.800596485875,0.2
2024-08-14,COST,Short,118.17063233022166,0.2
2024-08-14,NVDA,Short,863.3721818533726,0.2
2024-08-14,AMAT,Short,505.6141761905928,0.2
2024-08-14,KLAC,Short,128.4144994055302,0.2
2024-08-15,AMGN,Long,312.5554215529036,0.2
2024-08-15,ABNB,Long,855.5048414137132,0.2
2024-08-15,TXN,Long,503.6518441361087,0.2
2024-08-15,FANG,Long,517.3588984140575,0.2
2024-08-15,FAST,Long,1526.3757675200995,0.2
2024-08-15,AAPL,Short,452.57392597494515,0.2
2024-08-15,NVDA,Short,827.7910849121283,0.2
2024-08-15,AMAT,Short,480.11335655211286,0.2
2024-08-15,KLAC,Short,121.62596168407859,0.2
2024-08-15,REGN,Short,86.53094620249401,0.2
2024-08-16,AMGN,Long,312.82772718541037,0.2
2024-08-16,FAST,Long,1490.8131940669916,0.2
2024-08-16,TXN,Long,501.4478930949821,0.2
2024-08-16,EA,Long,677.7793541152186,0.2
2024-08-16,ABNB,Long,864.5460192668355,0.2
2024-08-16,AAPL,Short,444.83673538015364,0.2
2024-08-16,NVDA,Short,807.1547913972787,0.2
2024-08-16,KLAC,Short,122.69280780359067,0.2
2024-08-16,REGN,Short,85.2662492424795,0.2
2024-08-16,MU,Short,931.154249276576,0.2
2024-08-19,AMGN,Long,305.474913389636,0.2
2024-08-19,CTAS,Long,518.4434797731124,0.2
2024-08-19,ABNB,Long,840.9149591283128,0.2
2024-08-19,VRSK,Long,372.1918806869303,0.2
2024-08-19,FANG,Long,511.57378263241435,0.2
2024-08-19,AAPL,Short,443.5194474655631,0.2
2024-08-19,NVDA,Short,770.6662132099467,0.2
2024-08-19,KLAC,Short,122.11177552156845,0.2
2024-08-19,NFLX,Short,145.50797126394525,0.2
2024-08-19,REGN,Short,83.70647626208998,0.2
2024-08-20,AMGN,Long,304.37732502986154,0.2
2024-08-20,KLAC,Long,123.22186073969426,0.2
2024-08-20,TXN,Long,493.7452835882183,0.2
2024-08-20,FAST,Long,1494.8156075053805,0.2
2024-08-20,CTAS,Long,516.3719303429635,0.2
2024-08-20,AAPL,Short,441.49560217308425,0.2
2024-08-20,NVDA,Short,785.8795003773482,0.2
2024-08-20,NFLX,Short,143.1602622163781,0.2
2024-08-20,MU,Short,926.041007512308,0.2
2024-08-20,MELI,Short,49.860477208899766,0.2
2024-08-21,KLAC,Long,121.15006400652867,0.2
2024-08-21,FAST,Long,1470.4044530206922,0.2
2024-08-21,TXN,Long,480.91408583400863,0.2
2024-08-21,CTAS,Long,511.95128248122046,0.2
2024-08-21,QCOM,Long,575.1811790546086,0.2
2024-08-21,AAPL,Short,442.61514319137774,0.2
2024-08-21,NVDA,Short,779.8293051908117,0.2
2024-08-21,MELI,Short,49.9178402891888,0.2
2024-08-21,ASML,Short,106.19648718499377,0.2
2024-08-21,BKNG,Short,26.807936253884247,0.2
2024-08-22,KLAC,Long,126.05509700630522,0.2
2024-08-22,MELI,Long,50.61142518346124,0.2
2024-08-22,CTAS,Long,513.1398687006235,0.2
2024-08-22,TXN,Long,493.97613197720324,0.2
2024-08-22,FAST,Long,1491.001560337216,0.2
2024-08-22,AAPL,Short,448.303207013466,0.2
2024-08-22,BKNG,Short,26.71314012554212,0.2
2024-08-22,XEL,Short,1679.8651802305321,0.2
2024-08-22,LULU,Short,382.0744500265469,0.2
2024-08-22,CSCO,Short,2004.331263974414,0.2
2024-08-23,KLAC,Long,122.2705707868311,0.2
2024-08-23,GEHC,Long,1179.4971495134616,0.2
2024-08-23,AMGN,Long,304.129472653447,0.2
2024-08-23,FANG,Long,512.2311559812179,0.2
2024-08-23,MELI,Long,49.9911333577133,0.2
2024-08-23,AAPL,Short,440.8295208530295,0.2
2024-08-23,MSTR,Short,666.6073632272451,0.2
2024-08-23,BKNG,Short,26.10512372968915,0.2
2024-08-23,XEL,Short,1663.302872131313,0.2
2024-08-23,LULU,Short,372.3618374282926,0.2
2024-08-26,KLAC,Long,123.74953014791085,0.2
2024-08-26,MELI,Long,49.32017802414994,0.2
2024-08-26,AMGN,Long,302.5649025220139,0.2
2024-08-26,CTAS,Long,498.3099151898208,0.2
2024-08-26,FANG,Long,501.17679992188687,0.2
2024-08-26,AAPL,Short,435.21507907567724,0.2
2024-08-26,GEHC,Short,1170.2232332426129,0.2
2024-08-26,MSTR,Short,673.0576077931905,0.2
2024-08-26,BKNG,Short,26.03344522178458,0.2
2024-08-26,XEL,Short,1608.7237219269816,0.2
2024-08-27,MELI,Long,48.54168376418315,0.2
2024-08-27,CTAS,Long,494.4586934883025,0.2
2024-08-27,KLAC,Long,121.60713428233564,0.2
2024-08-27,FAST,Long,1460.4175466256465,0.2
2024-08-27,AMGN,Long,302.3309644744931,0.2
2024-08-27,AAPL,Short,433.45638964359676,0.2
2024-08-27,GEHC,Short,1170.9638160539066,0.2
2024-08-27,BKNG,Short,25.464983767590756,0.2
2024-08-27,XEL,Short,1623.2724748246806,0.2
2024-08-27,LULU,Short,364.4850751193907,0.2
2024-08-28,MELI,Long,49.63691562685507,0.2
2024-08-28,KLAC,Long,123.135370867438,0.2
2024-08-28,AMGN,Long,300.56781713488925,0.2
2024-08-28,FAST,Long,1469.130422080192,0.2
2024-08-28,CTAS,Long,496.54214698168454,0.2
2024-08-28,AAPL,Short,437.2558820726028,0.2
2024-08-28,GEHC,Short,1179.9605239181064,0.2
2024-08-28,BKNG,Short,25.404820478122407,0.2
2024-08-28,LULU,Short,382.6221545813491,0.2
2024-08-28,BIIB,Short,484.98574247111264,0.2
2024-08-29,GEHC,Long,1179.9857768478887,0.2
2024-08-29,FANG,Long,504.1577806943303,0.2
2024-08-29,MELI,Long,49.218025863512494,0.2
2024-08-29,EA,Long,660.3208404525056,0.2
2024-08-29,AMGN,Long,299.72871922585637,0.2
2024-08-29,AAPL,Short,431.7559910211118,0.2
2024-08-29,BKNG,Short,25.49937025552141,0.2
2024-08-29,LULU,Short,383.0477685698935,0.2
2024-08-29,BIIB,Short,484.39216253390634,0.2
2024-08-29,XEL,Short,1616.1134918453565,0.2
2024-08-30,AMGN,Long,297.2058110604753,0.2
2024-08-30,EA,Long,653.5121007051255,0.2
2024-08-30,CTAS,Long,492.92633404826387,0.2
2024-08-30,FANG,Long,508.51423097301637,0.2
2024-08-30,FAST,Long,1453.0787007805443,0.2
2024-08-30,AAPL,Short,433.25856731667204,0.2
2024-08-30,GEHC,Short,1169.7266242925036,0.2
2024-08-30,MELI,Short,48.12443183900548,0.2
2024-08-30,BKNG,Short,25.37998849165201,0.2
2024-08-30,LULU,Short,382.38028075979935,0.2
2024-09-03,AMGN,Long,299.9111966826645,0.2
2024-09-03,FAST,Long,1477.693050665935,0.2
2024-09-03,MELI,Long,49.80662473840936,0.2
2024-09-03,CTAS,Long,495.99024026581617,0.2
2024-09-03,ADP,Long,359.7302011818017,0.2
2024-09-03,AAPL,Short,444.9596024749077,0.2
2024-09-03,GEHC,Short,1168.9109549195118,0.2
2024-09-03,GFS,Short,2322.4848133936634,0.2
2024-09-03,LULU,Short,384.08112872654584,0.2
2024-09-03,NVDA,Short,917.8115976334049,0.2
2024-09-04,AMGN,Long,303.90347187760943,0.2
2024-09-04,MELI,Long,50.45348195050604,0.2
2024-09-04,ADP,Long,365.09936758827865,0.2
2024-09-04,CTAS,Long,499.4291345977564,0.2
2024-09-04,MDB,Long,345.6456652569199,0.2
2024-09-04,AAPL,Short,454.98141551432013,0.2
2024-09-04,GEHC,Short,1147.7172460396218,0.2
2024-09-04,BIIB,Short,490.2788479606555,0.2
2024-09-04,LULU,Short,393.26308384635655,0.2
2024-09-04,GFS,Short,2394.724751805525,0.2
2024-09-05,MELI,Long,49.45561771029211,0.2
2024-09-05,PDD,Long,1087.6073934954622,0.2
2024-09-05,ADBE,Long,177.48570221860976,0.2
2024-09-05,VRSK,Long,368.5537607351769,0.2
2024-09-05,CTAS,Long,504.678594689283,0.2
2024-09-05,AAPL,Short,453.27570531437556,0.2
2024-09-05,GEHC,Short,1154.7651793315597,0.2
2024-09-05,LULU,Short,397.3175198012921,0.2
2024-09-05,SBUX,Short,1100.9114924513217,0.2
2024-09-05,GFS,Short,2441.255784113213,0.2
2024-09-06,ADP,Long,374.68201747634413,0.2
2024-09-06,ADBE,Long,179.26428095063758,0.2
2024-09-06,MELI,Long,50.85434970572246,0.2
2024-09-06,BKNG,Long,27.067758605554715,0.2
2024-09-06,VRSK,Long,371.7856230385516,0.2
2024-09-06,AAPL,Short,457.38284741509034,0.2
2024-09-06,LULU,Short,397.88561760665334,0.2
2024-09-06,BIIB,Short,502.95943899258293,0.2
2024-09-06,GFS,Short,2517.429870515391,0.2
2024-09-06,PYPL,Short,1466.095000885554,0.2
2024-09-09,GEHC,Long,1188.8392480736622,0.2
2024-09-09,MELI,Long,49.851470438278945,0.2
2024-09-09,ADP,Long,367.190396625298,0.2
2024-09-09,AMGN,Long,310.48722352765947,0.2
2024-09-09,VRSK,Long,370.3348584127159,0.2
2024-09-09,AAPL,Short,458.07794298014244,0.2
2024-09-09,LULU,Short,407.07189167712403,0.2
2024-09-09,BIIB,Short,507.82354539879725,0.2
2024-09-09,TEAM,Short,622.0050313031397,0.2
2024-09-09,GFS,Short,2504.182144107461,0.2
2024-09-10,GEHC,Long,1191.534571188596,0.2
2024-09-10,MELI,Long,50.52379009592825,0.2
2024-09-10,VRSK,Long,372.5723096763824,0.2
2024-09-10,MSTR,Long,786.2988790603084,0.2
2024-09-10,EA,Long,708.8719335059367,0.2
2024-09-10,AAPL,Short,463.1129249865858,0.2
2024-09-10,LULU,Short,412.3949721738425,0.2
2024-09-10,BIIB,Short,508.05316243795136,0.2
2024-09-10,TEAM,Short,628.2637054019063,0.2
2024-09-10,GFS,Short,2549.0318060263576,0.2
2024-09-11,MELI,Long,50.057810668776895,0.2
2024-09-11,FAST,Long,1479.7323405605462,0.2
2024-09-11,INTU,Long,159.04503145346445,0.2
2024-09-11,TMUS,Long,515.8269235350731,0.2
2024-09-11,VRSK,Long,377.0285759838766,0.2
2024-09-11,AAPL,Short,459.94912535289774,0.2
2024-09-11,GEHC,Short,1174.5873502444686,0.2
2024-09-11,LULU,Short,401.3020186525733,0.2
2024-09-11,BIIB,Short,514.4019077766634,0.2
2024-09-11,PYPL,Short,1476.74515052335,0.2
2024-09-12,KLAC,Long,139.2484527730094,0.2
2024-09-12,ABNB,Long,870.0418285438401,0.2
2024-09-12,MSTR,Long,780.8221013451471,0.2
2024-09-12,INTU,Long,157.97161115194476,0.2
2024-09-12,FAST,Long,1462.4478655863727,0.2
2024-09-12,AAPL,Short,458.35663496263413,0.2
2024-09-12,GEHC,Short,1167.4835421655603,0.2
2024-09-12,MELI,Short,47.71183817091615,0.2
2024-09-12,BKNG,Short,26.379753227325963,0.2
2024-09-12,LULU,Short,392.51212339220166,0.2
2024-09-13,KLAC,Long,134.87943453877267,0.2
2024-09-13,INTU,Long,154.67777911754578,0.2
2024-09-13,FAST,Long,1451.7601761519584,0.2
2024-09-13,AMGN,Long,304.8936421538322,0.2
2024-09-13,SNPS,Long,206.83145987513777,0.2
2024-09-13,AAPL,Short,455.5590789028659,0.2
2024-09-13,NVDA,Short,851.0654605752359,0.2
2024-09-13,GEHC,Short,1166.285706878631,0.2
2024-09-13,MSTR,Short,716.4903808670792,0.2
2024-09-13,CTAS,Short,487.8562495622124,0.2
2024-09-16,KLAC,Long,137.05908084189866,0.2
2024-09-16,AMGN,Long,301.0508487090419,0.2
2024-09-16,FAST,Long,1440.010211893537,0.2
2024-09-16,BKR,Long,2970.285810412952,0.2
2024-09-16,ZS,Long,587.5556595376297,0.2
2024-09-16,AAPL,Short,466.5787123743454,0.2
2024-09-16,GEHC,Short,1164.9389564769788,0.2
2024-09-16,MELI,Short,47.936276726311256,0.2
2024-09-16,BKNG,Short,25.365747795461942,0.2
2024-09-16,LULU,Short,380.4384286549822,0.2
2024-09-17,GEHC,Long,1167.816074287211,0.2
2024-09-17,KLAC,Long,137.0399695812018,0.2
2024-09-17,ABNB,Long,829.9603330904064,0.2
2024-09-17,AMGN,Long,304.55156813168566,0.2
2024-09-17,NFLX,Long,143.37717956602106,0.2
2024-09-17,AAPL,Short,467.52507632019797,0.2
2024-09-17,MELI,Short,48.86309222536044,0.2
2024-09-17,BKNG,Short,25.072730973822896,0.2
2024-09-17,LULU,Short,377.6117014034475,0.2
2024-09-17,BIIB,Short,511.3503593331126,0.2
2024-09-18,WBD,Long,12083.437661112484,0.2
2024-09-18,TTD,Long,941.8862172774503,0.2
2024-09-18,ABNB,Long,831.0941639457559,0.2
2024-09-18,CTAS,Long,505.22665389578685,0.2
2024-09-18,FAST,Long,1443.7710269056981,0.2
2024-09-18,AAPL,Short,461.02018624732824,0.2
2024-09-18,MELI,Short,48.388003284628184,0.2
2024-09-18,GEHC,Short,1149.2437301631728,0.2
2024-09-18,BKNG,Short,25.256943324779996,0.2
2024-09-18,LULU,Short,376.54530507757255,0.2
2024-09-19,MELI,Long,47.95840389077632,0.2
2024-09-19,ABNB,Long,785.7355532719664,0.2
2024-09-19,AMGN,Long,301.12650337224323,0.2
2024-09-19,REGN,Long,87.95369255279768,0.2
2024-09-19,CTAS,Long,496.5320985384972,0.2
2024-09-19,AAPL,Short,442.01273492389026,0.2
2024-09-19,MSTR,Short,699.3187468739403,0.2
2024-09-19,GEHC,Short,1116.347930011306,0.2
2024-09-19,BKNG,Short,25.1806348304948,0.2
2024-09-19,LULU,Short,373.62774721176396,0.2
2024-09-20,MELI,Long,47.74600855453476,0.2
2024-09-20,ABNB,Long,765.7087292637668,0.2
2024-09-20,AMGN,Long,297.72263928768405,0.2
2024-09-20,CTAS,Long,491.99482609161356,0.2
2024-09-20,FAST,Long,1419.7267208000355,0.2
2024-09-20,AAPL,Short,440.165060648027,0.2
2024-09-20,BKNG,Short,24.71590012210512,0.2
2024-09-20,GEHC,Short,1112.6015380456208,0.2
2024-09-20,LULU,Short,382.4898941376262,0.2
2024-09-20,GFS,Short,2548.7354956992817,0.2
2024-09-23,MELI,Long,48.12485752351903,0.2
2024-09-23,ABNB,Long,784.2266487820888,0.2
2024-09-23,AMGN,Long,301.50701097003025,0.2
2024-09-23,ADP,Long,364.53911820008426,0.2
2024-09-23,ADBE,Long,191.6925842935646,0.2
2024-09-23,AAPL,Short,446.8086854312906,0.2
2024-09-23,MSTR,Short,674.7266967487109,0.2
2024-09-23,GEHC,Short,1113.432730998893,0.2
2024-09-23,BKNG,Short,24.69777539260434,0.2
2024-09-23,LULU,Short,389.48717586423066,0.2
2024-09-24,MELI,Long,47.714803108120535,0.2
2024-09-24,ABNB,Long,766.0933422143776,0.2
2024-09-24,AMGN,Long,304.3815583043873,0.2
2024-09-24,FAST,Long,1402.6730648341058,0.2
2024-09-24,ADBE,Long,192.19941601986724,0.2
2024-09-24,AAPL,Short,443.00458074658275,0.2
2024-09-24,MSTR,Short,654.5746436514006,0.2
2024-09-24,BKNG,Short,24.11119120933687,0.2
2024-09-24,GEHC,Short,1092.3538700935064,0.2
2024-09-24,LULU,Short,382.18916344768513,0.2
2024-09-25,MELI,Long,46.88536418228336,0.2
2024-09-25,ABNB,Long,764.488597099254,0.2
2024-09-25,AMD,Long,616.7529133715929,0.2
2024-09-25,NFLX,Long,138.48648760687954,0.2
2024-09-25,TMUS,Long,491.4972744058956,0.2
2024-09-25,AAPL,Short,441.4291284840468,0.2
2024-09-25,NVDA,Short,809.0543917997893,0.2
2024-09-25,MSTR,Short,657.6695277996572,0.2
2024-09-25,BKNG,Short,23.930432019926176,0.2
2024-09-25,GEHC,Short,1074.3609005960188,0.2
2024-09-26,MELI,Long,47.64758624286145,0.2
2024-09-26,ABNB,Long,774.2354757592743,0.2
2024-09-26,ASML,Long,117.39235014227843,0.2
2024-09-26,FAST,Long,1396.6494502549654,0.2
2024-09-26,TMUS,Long,492.349004880129,0.2
2024-09-26,AAPL,Short,439.8291726561763,0.2
2024-09-26,MSTR,Short,602.9035896961578,0.2
2024-09-26,MU,Short,910.7202197238257,0.2
2024-09-26,PDD,Short,773.3380213444142,0.2
2024-09-26,BKNG,Short,23.44140152248704,0.2
2024-09-27,WBD,Long,11485.865668531433,0.2
2024-09-27,MELI,Long,46.6174704620704,0.2
2024-09-27,TMUS,Long,469.10790063649205,0.2
2024-09-27,ABNB,Long,750.4994589999723,0.2
2024-09-27,FAST,Long,1345.7992188829005,0.2
2024-09-27,AAPL,Short,422.54514444733456,0.2
2024-09-27,MSTR,Short,546.2010835886797,0.2
2024-09-27,MU,Short,895.3633080627576,0.2
2024-09-27,ASML,Short,114.37549983349568,0.2
2024-09-27,PDD,Short,710.9732024316587,0.2
2024-09-30,ADP,Long,344.88517194108994,0.2
2024-09-30,TMUS,Long,462.4931049524901,0.2
2024-09-30,WBD,Long,11568.494232761144,0.2
2024-09-30,FAST,Long,1336.3214767174063,0.2
2024-09-30,MELI,Long,46.511666522320816,0.2
2024-09-30,AAPL,Short,409.61406618145685,0.2
2024-09-30,MSTR,Short,566.0739855589431,0.2
2024-09-30,MU,Short,920.2591675132732,0.2
2024-09-30,PDD,Short,707.9599373095251,0.2
2024-09-30,BKNG,Short,22.658441536564325,0.2
2024-10-01,WBD,Long,11767.570617763642,0.2
2024-10-01,MELI,Long,46.47521392709446,0.2
2024-10-01,TMUS,Long,465.90670355018693,0.2
2024-10-01,ASML,Long,116.76704237383153,0.2
2024-10-01,ADP,Long,342.84268440789384,0.2
2024-10-01,AAPL,Short,424.4877396905898,0.2
2024-10-01,PDD,Short,659.3200689905236,0.2
2024-10-01,GEHC,Short,1047.4896516131057,0.2
2024-10-01,LULU,Short,360.380446786216,0.2
2024-10-01,GFS,Short,2490.2326510775015,0.2
2024-10-02,MELI,Long,48.813301878505015,0.2
2024-10-02,AMGN,Long,300.870564358888,0.2
2024-10-02,AMD,Long,602.0612691379895,0.2
2024-10-02,TTWO,Long,635.5113427430294,0.2
2024-10-02,ASML,Long,115.59541518849615,0.2
2024-10-02,AAPL,Short,424.1879767428234,0.2
2024-10-02,MSTR,Short,584.2890500762387,0.2
2024-10-02,PDD,Short,629.934808582486,0.2
2024-10-02,LULU,Short,369.237129308175,0.2
2024-10-02,GEHC,Short,1056.6492517633867,0.2
2024-10-03,PDD,Long,625.7863909319957,0.2
2024-10-03,VRSK,Long,352.85591750245135,0.2
2024-10-03,MELI,Long,48.74822290155573,0.2
2024-10-03,AMGN,Long,300.8300133029693,0.2
2024-10-03,PLTR,Long,2433.932513842227,0.2
2024-10-03,AAPL,Short,423.2176040385457,0.2
2024-10-03,GEHC,Short,1062.6114691476796,0.2
2024-10-03,LULU,Short,363.7550152975228,0.2
2024-10-03,TEAM,Short,595.2849319067046,0.2
2024-10-03,CTAS,Short,466.9152505672527,0.2
2024-10-04,PDD,Long,622.0550673514684,0.2
2024-10-04,AMGN,Long,300.2078358212577,0.2
2024-10-04,MELI,Long,48.96144790715155,0.2
2024-10-04,WBD,Long,12334.760322632563,0.2
2024-10-04,AMD,Long,561.5239398788027,0.2
2024-10-04,AAPL,Short,423.1236181955298,0.2
2024-10-04,GEHC,Short,1049.7094707951487,0.2
2024-10-04,FANG,Short,493.11154409868675,0.2
2024-10-04,LULU,Short,354.9243145387542,0.2
2024-10-04,TEAM,Short,561.1955432632576,0.2
2024-10-07,AMGN,Long,299.74714538250834,0.2
2024-10-07,PDD,Long,621.5607631910852,0.2
2024-10-07,PAYX,Long,692.3365342725947,0.2
2024-10-07,MELI,Long,48.468460601839624,0.2
2024-10-07,FAST,Long,1359.3533565814282,0.2
2024-10-07,AAPL,Short,429.2242947935821,0.2
2024-10-07,MSTR,Short,511.33718541174966,0.2
2024-10-07,FANG,Short,476.96609002857133,0.2
2024-10-07,LULU,Short,349.2173044777016,0.2
2024-10-07,PEP,Short,569.0732081814374,0.2
2024-10-08,MELI,Long,46.806948278792504,0.2
2024-10-08,PDD,Long,650.8350001391383,0.2
2024-10-08,AMGN,Long,296.77650683407876,0.2
2024-10-08,PAYX,Long,682.3969022754934,0.2
2024-10-08,AMD,Long,545.601602154803,0.2
2024-10-08,AAPL,Short,417.59293410658853,0.2
2024-10-08,NVDA,Short,709.4586421131274,0.2
2024-10-08,MSTR,Short,490.53048914867,0.2
2024-10-08,BKNG,Short,22.27166210802598,0.2
2024-10-08,LULU,Short,340.8653955879831,0.2
2024-10-09,MELI,Long,45.39594416450558,0.2
2024-10-09,AMGN,Long,288.3609013062163,0.2
2024-10-09,AMD,Long,543.623183975777,0.2
2024-10-09,WBD,Long,12027.223676163663,0.2
2024-10-09,FAST,Long,1316.6752364043534,0.2
2024-10-09,AAPL,Short,405.0293716365756,0.2
2024-10-09,NVDA,Short,700.8702866484678,0.2
2024-10-09,MSTR,Short,492.14142948425535,0.2
2024-10-09,BKNG,Short,21.661332536380765,0.2
2024-10-09,PLTR,Short,2155.58629593628,0.2
2024-10-10,MELI,Long,45.43044793021372,0.2
2024-10-10,AMGN,Long,288.77862428428193,0.2
2024-10-10,INTU,Long,149.68646993190453,0.2
2024-10-10,ASML,Long,111.15607546809446,0.2
2024-10-10,TMUS,Long,438.4054402435961,0.2
2024-10-10,AAPL,Short,404.7364290907598,0.2
2024-10-10,NVDA,Short,687.6406103435279,0.2
2024-10-10,MSTR,Short,505.622509290094,0.2
2024-10-10,BKNG,Short,21.617553287192557,0.2
2024-10-10,LULU,Short,338.84360534945125,0.2
2024-10-11,AMGN,Long,281.8146768711597,0.2
2024-10-11,TTWO,Long,596.6461606530979,0.2
2024-10-11,AMD,Long,551.157610382428,0.2
2024-10-11,ASML,Long,110.06893218901465,0.2
2024-10-11,TMUS,Long,434.3496704227919,0.2
2024-10-11,AAPL,Short,406.6528219279265,0.2
2024-10-11,NVDA,Short,686.4528840936023,0.2
2024-10-11,MSTR,Short,435.2690741084175,0.2
2024-10-11,MELI,Short,44.25001184025452,0.2
2024-10-11,BKNG,Short,21.59619189365638,0.2
2024-10-14,AMGN,Long,281.9341803622028,0.2
2024-10-14,PLTR,Long,2108.7896090965237,0.2
2024-10-14,NXPI,Long,375.9508352559073,0.2
2024-10-14,TMUS,Long,423.88713213943686,0.2
2024-10-14,ADP,Long,314.50677750016047,0.2
2024-10-14,AAPL,Short,395.68297036324265,0.2
2024-10-14,NVDA,Short,662.8628043571691,0.2
2024-10-14,KLAC,Short,110.31334847146358,0.2
2024-10-14,MSTR,Short,453.81798524080125,0.2
2024-10-14,ORLY,Short,76.10363869127922,0.2
2024-10-15,MELI,Long,44.948073356940164,0.2
2024-10-15,AMGN,Long,281.1753722057357,0.2
2024-10-15,CSX,Long,2574.8535414272606,0.2
2024-10-15,MSTR,Long,470.41995712600414,0.2
2024-10-15,TMUS,Long,421.17357616364376,0.2
2024-10-15,AAPL,Short,390.8800441946767,0.2
2024-10-15,BKNG,Short,21.21916915393135,0.2
2024-10-15,LULU,Short,317.9605441333273,0.2
2024-10-15,CTAS,Short,433.82677762032324,0.2
2024-10-15,GFS,Short,2270.4248517511296,0.2
2024-10-16,MELI,Long,44.47318227491076,0.2
2024-10-16,AMGN,Long,282.9743203230443,0.2
2024-10-16,GEHC,Long,1008.789966701154,0.2
2024-10-16,WBD,Long,11376.629003401393,0.2
2024-10-16,ADBE,Long,181.1060422646439,0.2
2024-10-16,AAPL,Short,392.6699133080701,0.2
2024-10-16,FAST,Short,1170.2846336090902,0.2
2024-10-16,LULU,Short,309.3471828644801,0.2
2024-10-16,CHTR,Short,275.61332351392747,0.2
2024-10-16,CTAS,Short,427.43171538916374,0.2
2024-10-17,GEHC,Long,1001.2996159246015,0.2
2024-10-17,MELI,Long,44.01923918455436,0.2
2024-10-17,AMGN,Long,283.0051181427733,0.2
2024-10-17,ADP,Long,311.4742891979155,0.2
2024-10-17,ODFL,Long,451.26056413609933,0.2
2024-10-17,AAPL,Short,391.7210131534584,0.2
2024-10-17,FAST,Short,1171.2780979854633,0.2
2024-10-17,BKNG,Short,20.805951904660656,0.2
2024-10-17,LULU,Short,320.5316469339037,0.2
2024-10-17,CHTR,Short,277.6479441627502,0.2
2024-10-18,GEHC,Long,999.6341165512297,0.2
2024-10-18,MELI,Long,43.90182414094924,0.2
2024-10-18,FAST,Long,1172.0998043201214,0.2
2024-10-18,AMGN,Long,283.860521996803,0.2
2024-10-18,ODFL,Long,457.5853443780042,0.2
2024-10-18,AAPL,Short,388.53862359582905,0.2
2024-10-18,BKNG,Short,20.986062451210604,0.2
2024-10-18,LULU,Short,313.0904742867946,0.2
2024-10-18,ISRG,Short,175.2020958795452,0.2
2024-10-18,CHTR,Short,280.41700393934747,0.2
2024-10-21,MELI,Long,42.92520261321522,0.2
2024-10-21,FAST,Long,1159.4166047432639,0.2
2024-10-21,MRVL,Long,1101.892013212447,0.2
2024-10-21,WBD,Long,11942.75803720514,0.2
2024-10-21,AMGN,Long,284.67458558699354,0.2
2024-10-21,AAPL,Short,381.29155568273165,0.2
2024-10-21,NFLX,Short,116.78711075864197,0.2
2024-10-21,MSTR,Short,411.6312449331209,0.2
2024-10-21,BKNG,Short,20.663062941588635,0.2
2024-10-21,CHTR,Short,285.8749703937535,0.2
2024-10-22,MELI,Long,43.48560077794235,0.2
2024-10-22,AMGN,Long,281.3001218267589,0.2
2024-10-22,MRVL,Long,1078.8290296275457,0.2
2024-10-22,ADP,Long,308.6441927081147,0.2
2024-10-22,ODFL,Long,450.61586869517856,0.2
2024-10-22,AAPL,Short,381.2447966615787,0.2
2024-10-22,NVDA,Short,626.2302407313662,0.2
2024-10-22,NFLX,Short,117.65989626598437,0.2
2024-10-22,MSTR,Short,409.2872062919389,0.2
2024-10-22,BKNG,Short,20.540183011988592,0.2
2024-10-23,MELI,Long,44.208875458700064,0.2
2024-10-23,MRVL,Long,1101.4130541643406,0.2
2024-10-23,AMGN,Long,286.2135090057932,0.2
2024-10-23,FAST,Long,1186.9963371101408,0.2
2024-10-23,ADP,Long,310.745516424353,0.2
2024-10-23,AAPL,Short,390.5730385876985,0.2
2024-10-23,MSTR,Short,421.26026419537243,0.2
2024-10-23,NFLX,Short,120.28538333890069,0.2
2024-10-23,TSLA,Short,421.851789439713,0.2
2024-10-23,LULU,Short,307.45932910969714,0.2
2024-10-24,MELI,Long,44.01933733847525,0.2
2024-10-24,AMGN,Long,286.6757657995657,0.2
2024-10-24,ADP,Long,312.6858843082497,0.2
2024-10-24,FAST,Long,1196.7821993929697,0.2
2024-10-24,TTWO,Long,561.2097004091141,0.2
2024-10-24,AAPL,Short,392.5084370487881,0.2
2024-10-24,NFLX,Short,119.93993064643468,0.2
2024-10-24,MSTR,Short,383.65625265726476,0.2
2024-10-24,LULU,Short,302.68797003610166,0.2
2024-10-24,CTAS,Short,432.74839139352457,0.2
2024-10-25,MELI,Long,43.65789463339892,0.2
2024-10-25,TTWO,Long,552.4630275108851,0.2
2024-10-25,ADP,Long,310.40072289266834,0.2
2024-10-25,AMGN,Long,281.9830475546235,0.2
2024-10-25,NXPI,Long,367.5891929826909,0.2
2024-10-25,AAPL,Short,386.2537837488413,0.2
2024-10-25,MSTR,Short,381.4243872520291,0.2
2024-10-25,TSLA,Short,332.0442390176753,0.2
2024-10-25,BIIB,Short,491.9532627594539,0.2
2024-10-25,CTAS,Short,430.9483049691102,0.2
2024-10-28,MELI,Long,43.46928461456823,0.2
2024-10-28,NXPI,Long,357.9365891711887,0.2
2024-10-28,AMGN,Long,281.7944996054116,0.2
2024-10-28,TTWO,Long,555.9985394943077,0.2
2024-10-28,ADP,Long,312.02612924845516,0.2
2024-10-28,AAPL,Short,382.93387986697957,0.2
2024-10-28,TSLA,Short,340.46993218851964,0.2
2024-10-28,CTAS,Short,428.48059251571317,0.2
2024-10-28,BIIB,Short,483.09155114540346,0.2
2024-10-28,LULU,Short,290.6183349821128,0.2
2024-10-29,MELI,Long,44.09898648903183,0.2
2024-10-29,TTWO,Long,550.7128503372938,0.2
2024-10-29,ADP,Long,310.3652609544742,0.2
2024-10-29,AMGN,Long,282.8154451913899,0.2
2024-10-29,FAST,Long,1151.5227416266648,0.2
2024-10-29,AAPL,Short,382.4610834971819,0.2
2024-10-29,NXPI,Short,349.6739965576606,0.2
2024-10-29,CTAS,Short,427.31988591993286,0.2
2024-10-29,LULU,Short,293.1883686539709,0.2
2024-10-29,GEHC,Short,1048.0788577320316,0.2
2024-10-30,MELI,Long,44.20263024507788,0.2
2024-10-30,WBD,Long,11495.64194505748,0.2
2024-10-30,FAST,Long,1140.1728602153735,0.2
2024-10-30,AMGN,Long,283.073890077297,0.2
2024-10-30,TXN,Long,429.5731296115149,0.2
2024-10-30,AAPL,Short,388.1839866342783,0.2
2024-10-30,CDNS,Short,308.0039230821883,0.2
2024-10-30,BKNG,Short,20.00952841476786,0.2
2024-10-30,TSLA,Short,346.81087915886536,0.2
2024-10-30,CTAS,Short,429.73844152474936,0.2
2024-10-31,AMGN,Long,279.27769479468986,0.2
2024-10-31,MELI,Long,43.89084196329971,0.2
2024-10-31,WBD,Long,10997.976202902184,0.2
2024-10-31,FAST,Long,1143.6882506931095,0.2
2024-10-31,SNPS,Long,174.08841404633205,0.2
2024-10-31,AAPL,Short,395.79277738381205,0.2
2024-10-31,BKNG,Short,19.12078006697958,0.2
2024-10-31,LULU,Short,300.1461887215856,0.2
2024-10-31,CTAS,Short,434.44705723179106,0.2
2024-10-31,EXC,Short,2275.153931908857,0.2
2024-11-01,AMGN,Long,280.9194243712935,0.2
2024-11-01,MELI,Long,43.63964341447633,0.2
2024-11-01,WBD,Long,10896.124420239781,0.2
2024-11-01,INTU,Long,144.23247724007427,0.2
2024-11-01,TTWO,Long,547.5338848400278,0.2
2024-11-01,AAPL,Short,402.29284248119535,0.2
2024-11-01,BKNG,Short,18.882506737539497,0.2
2024-11-01,LULU,Short,279.21379718378085,0.2
2024-11-01,CTAS,Short,436.1205190167201,0.2
2024-11-01,PEP,Short,541.5490124641283,0.2
2024-11-04,CHTR,Long,237.83117342491926,0.2
2024-11-04,MELI,Long,43.31254001532373,0.2
2024-11-04,WBD,Long,10940.524587522379,0.2
2024-11-04,TTWO,Long,548.604251720686,0.2
2024-11-04,CSX,Long,2679.379049142398,0.2
2024-11-04,AAPL,Short,402.61289548386264,0.2
2024-11-04,CDNS,Short,308.92406112555216,0.2
2024-11-04,BKNG,Short,18.71345880542246,0.2
2024-11-04,LULU,Short,280.967168587822,0.2
2024-11-04,CDW,Short,467.73460941877556,0.2
2024-11-05,CHTR,Long,233.21521539178056,0.2
2024-11-05,WBD,Long,10861.977440426743,0.2
2024-11-05,TTWO,Long,543.6617439730819,0.2
2024-11-05,AMGN,Long,279.29729341251374,0.2
2024-11-05,HON,Long,427.13303822999177,0.2
2024-11-05,AAPL,Short,399.09078728209266,0.2
2024-11-05,PLTR,Short,1744.119564587023,0.2
2024-11-05,BKNG,Short,18.143885744118567,0.2
2024-11-05,MELI,Short,42.66813784794057,0.2
2024-11-05,CDW,Short,462.08006975477224,0.2
2024-11-06,CHTR,Long,212.97291274814046,0.2
2024-11-06,WBD,Long,10369.594789140816,0.2
2024-11-06,BKR,Long,2033.1586828993134,0.2
2024-11-06,AMGN,Long,270.04320585539597,0.2
2024-11-06,TTWO,Long,521.529276594859,0.2
2024-11-06,AAPL,Short,390.1634565527671,0.2
2024-11-06,PCAR,Short,749.0492536812733,0.2
2024-11-06,PLTR,Short,1564.86957374297,0.2
2024-11-06,BKNG,Short,17.3753059847337,0.2
2024-11-06,MELI,Short,41.041516797679066,0.2
2024-11-07,CHTR,Long,221.71689613194187,0.2
2024-11-07,MELI,Long,49.12128088371366,0.2
2024-11-07,ASML,Long,128.680332426874,0.2
2024-11-07,WBD,Long,9300.278742218194,0.2
2024-11-07,AMGN,Long,270.7079921682764,0.2
2024-11-07,AAPL,Short,383.0825232414153,0.2
2024-11-07,CTAS,Short,396.97343774689546,0.2
2024-11-07,NVDA,Short,585.3278337735509,0.2
2024-11-07,INTU,Short,129.2644182961989,0.2
2024-11-07,PLTR,Short,1559.4776142546577,0.2
2024-11-08,WBD,Long,9336.115286954171,0.2
2024-11-08,MRVL,Long,913.7051001597963,0.2
2024-11-08,ASML,Long,128.0199933290234,0.2
2024-11-08,ZS,Long,437.8763758964149,0.2
2024-11-08,AMGN,Long,263.4823582914082,0.2
2024-11-08,AAPL,Short,377.6239806489178,0.2
2024-11-08,COST,Short,90.80900857374861,0.2
2024-11-08,CTAS,Short,379.69847917728373,0.2
2024-11-08,NVDA,Short,580.5428324101745,0.2
2024-11-08,VRTX,Short,165.85815459051767,0.2
2024-11-11,TTWO,Long,472.341959089379,0.2
2024-11-11,MELI,Long,43.20576713577124,0.2
2024-11-11,ASML,Long,126.22100677914163,0.2
2024-11-11,MRVL,Long,918.5194986747842,0.2
2024-11-11,HON,Long,376.1917141105757,0.2
2024-11-11,AAPL,Short,377.8862122251837,0.2
2024-11-11,COST,Short,90.82992808211493,0.2
2024-11-11,CTAS,Short,378.0885436704375,0.2
2024-11-11,MAR,Short,296.36397001654956,0.2
2024-11-11,PCAR,Short,727.7628062411158,0.2
2024-11-12,TTWO,Long,471.8626402009235,0.2
2024-11-12,MRVL,Long,918.2453357317553,0.2
2024-11-12,MELI,Long,43.0844701840138,0.2
2024-11-12,ODFL,Long,376.4351288935755,0.2
2024-11-12,EA,Long,523.0846913637351,0.2
2024-11-12,AAPL,Short,379.94381996870396,0.2
2024-11-12,BKNG,Short,16.961210302649036,0.2
2024-11-12,CTAS,Short,379.0984859519015,0.2
2024-11-12,PLTR,Short,1423.4720685101643,0.2
2024-11-12,NFLX,Short,103.95948886917307,0.2
2024-11-13,WBD,Long,8768.927350134252,0.2
2024-11-13,MELI,Long,44.140955664404075,0.2
2024-11-13,HON,Long,365.70117778515316,0.2
2024-11-13,TTWO,Long,468.6533154077484,0.2
2024-11-13,MRVL,Long,946.3081655784558,0.2
2024-11-13,AAPL,Short,378.61575174827067,0.2
2024-11-13,NFLX,Short,102.63342347309325,0.2
2024-11-13,INTU,Short,120.68527601396272,0.2
2024-11-13,FTNT,Short,870.8007619185418,0.2
2024-11-13,PLTR,Short,1404.184104012416,0.2
2024-11-14,TTWO,Long,468.2490703548117,0.2
2024-11-14,BKR,Long,1967.9907060405787,0.2
2024-11-14,WBD,Long,8618.442418491146,0.2
2024-11-14,HON,Long,368.3957166600258,0.2
2024-11-14,MRVL,Long,936.9111592793967,0.2
2024-11-14,AAPL,Short,372.35053383965436,0.2
2024-11-14,BKNG,Short,17.094786062566712,0.2
2024-11-14,MELI,Short,45.29252824803557,0.2
2024-11-14,MCHP,Short,1295.3939217077682,0.2
2024-11-14,EXC,Short,2229.2193512192657,0.2
2024-11-15,MELI,Long,45.372428960538834,0.2
2024-11-15,WBD,Long,9251.644682793638,0.2
2024-11-15,TTWO,Long,480.2396621480294,0.2
2024-11-15,HON,Long,372.506067512014,0.2
2024-11-15,FTNT,Long,905.5219661278846,0.2
2024-11-15,AAPL,Short,379.11185087028,0.2
2024-11-15,PLTR,Short,1296.9464923152846,0.2
2024-11-15,PEP,Short,537.7642735570222,0.2
2024-11-15,BKNG,Short,17.145107513564135,0.2
2024-11-15,MCHP,Short,1356.986408170127,0.2
2024-11-18,MELI,Long,44.00001719515246,0.2
2024-11-18,WBD,Long,8902.77828467091,0.2
2024-11-18,QCOM,Long,512.5186184384912,0.2
2024-11-18,EA,Long,514.0498479171509,0.2
2024-11-18,HON,Long,368.4042407016414,0.2
2024-11-18,AAPL,Short,369.7452467038403,0.2
2024-11-18,BKNG,Short,16.802114947837726,0.2
2024-11-18,PEP,Short,532.4910740738418,0.2
2024-11-18,GEHC,Short,1019.2131466268758,0.2
2024-11-18,MDLZ,Short,1320.63459479353,0.2
2024-11-19,MELI,Long,44.24762302694841,0.2
2024-11-19,QCOM,Long,514.8503975644786,0.2
2024-11-19,EA,Long,510.4497077412413,0.2
2024-11-19,WBD,Long,8926.422362050775,0.2
2024-11-19,AEP,Long,876.9494841336069,0.2
2024-11-19,AAPL,Short,371.4780659407165,0.2
2024-11-19,NFLX,Short,97.32476211570318,0.2
2024-11-19,BKNG,Short,17.038613388023155,0.2
2024-11-19,PEP,Short,541.0988500444191,0.2
2024-11-19,KDP,Short,2690.387411418803,0.2
2024-11-20,MELI,Long,43.88411631088827,0.2
2024-11-20,WBD,Long,8517.752816055685,0.2
2024-11-20,AEP,Long,875.5334320579101,0.2
2024-11-20,PDD,Long,727.5443424270214,0.2
2024-11-20,EA,Long,508.3776347066274,0.2
2024-11-20,AAPL,Short,370.0944929917977,0.2
2024-11-20,NFLX,Short,95.8891681124238,0.2
2024-11-20,BKNG,Short,16.894810836656887,0.2
2024-11-20,LULU,Short,274.890984938024,0.2
2024-11-20,KDP,Short,2645.182162090674,0.2
2024-11-21,WBD,Long,8270.274628826086,0.2
2024-11-21,ASML,Long,125.87019317924663,0.2
2024-11-21,AEP,Long,862.6111754442403,0.2
2024-11-21,BKR,Long,1885.1359994099137,0.2
2024-11-21,ANSS,Long,242.46261556459464,0.2
2024-11-21,AAPL,Short,370.2297570683842,0.2
2024-11-21,BKNG,Short,16.236078645518063,0.2
2024-11-21,NFLX,Short,94.26940712690946,0.2
2024-11-21,MELI,Short,42.98702061203244,0.2
2024-11-21,LULU,Short,268.46767066836105,0.2
2024-11-22,PLTR,Long,1314.2592183738839,0.2
2024-11-22,WBD,Long,8365.240511269714,0.2
2024-11-22,AMGN,Long,287.14419260339116,0.2
2024-11-22,ZS,Long,400.89389460281916,0.2
2024-11-22,BKR,Long,1911.244716315458,0.2
2024-11-22,AAPL,Short,367.9148235673116,0.2
2024-11-22,BKNG,Short,16.335740763208754,0.2
2024-11-22,COST,Short,87.72997981371658,0.2
2024-11-22,NFLX,Short,94.20084960492083,0.2
2024-11-22,CPRT,Short,1348.84493888153,0.2
2024-11-25,ASML,Long,122.78906271623154,0.2
2024-11-25,WBD,Long,8081.291273347205,0.2
2024-11-25,AMGN,Long,285.8687964627319,0.2
2024-11-25,CSX,Long,2295.0690500120513,0.2
2024-11-25,ZS,Long,399.4174835633426,0.2
2024-11-25,AAPL,Short,360.9113579349229,0.2
2024-11-25,BKNG,Short,16.4510122424915,0.2
2024-11-25,CPRT,Short,1318.359626039893,0.2
2024-11-25,DDOG,Short,536.5857341505199,0.2
2024-11-25,MELI,Short,40.022585354065946,0.2
2024-11-26,GEHC,Long,1016.8437234367602,0.2
2024-11-26,ASML,Long,124.85643920246908,0.2
2024-11-26,WBD,Long,8298.6924472908,0.2
2024-11-26,CSX,Long,2286.7206577626753,0.2
2024-11-26,DDOG,Long,543.427541451271,0.2
2024-11-26,AAPL,Short,356.9292038815143,0.2
2024-11-26,BKNG,Short,16.08902766329786,0.2
2024-11-26,CPRT,Short,1315.0435548006008,0.2
2024-11-26,MELI,Short,39.7629278639714,0.2
2024-11-26,BIIB,Short,532.0551493057076,0.2
2024-11-27,WBD,Long,8007.660477646975,0.2
2024-11-27,ASML,Long,123.97016927525331,0.2
2024-11-27,DDOG,Long,546.9828441827416,0.2
2024-11-27,PLTR,Long,1258.4331996055435,0.2
2024-11-27,CSX,Long,2272.266607811236,0.2
2024-11-27,AAPL,Short,353.80547084547834,0.2
2024-11-27,BKNG,Short,15.913676273599153,0.2
2024-11-27,CPRT,Short,1308.7626967578994,0.2
2024-11-27,ORLY,Short,66.8157941028463,0.2
2024-11-27,MELI,Short,40.650010894876125,0.2
2024-11-29,MELI,Long,42.04432032586147,0.2
2024-11-29,ASML,Long,121.56118758774649,0.2
2024-11-29,DDOG,Long,546.4165317770285,0.2
2024-11-29,WBD,Long,7964.229854453858,0.2
2024-11-29,CSX,Long,2283.587605230651,0.2
2024-11-29,AAPL,Short,351.6838351029733,0.2
2024-11-29,CPRT,Short,1316.6923179142825,0.2
2024-11-29,PLTR,Short,1244.26241727234,0.2
2024-11-29,BKNG,Short,16.04487628601371,0.2
2024-11-29,GEHC,Short,1002.9454939274506,0.2
2024-12-02,MELI,Long,42.68358568387798,0.2
2024-12-02,QCOM,Long,511.1767046288064,0.2
2024-12-02,DDOG,Long,545.1146969515096,0.2
2024-12-02,ODFL,Long,370.6343574359201,0.2
2024-12-02,WBD,Long,7891.774073874923,0.2
2024-12-02,AAPL,Short,347.8322918545813,0.2
2024-12-02,BKNG,Short,15.951890204736975,0.2
2024-12-02,EXC,Short,2171.934841061141,0.2
2024-12-02,PEP,Short,511.113989401062,0.2
2024-12-02,GEHC,Short,1003.0950372522567,0.2
2024-12-03,MELI,Long,43.33278304524078,0.2
2024-12-03,QCOM,Long,514.2709447234085,0.2
2024-12-03,DDOG,Long,539.3856789737704,0.2
2024-12-03,SNPS,Long,146.63563159086098,0.2
2024-12-03,GEHC,Long,1012.5974499674261,0.2
2024-12-03,AAPL,Short,344.57108278543274,0.2
2024-12-03,BKNG,Short,16.03453776169699,0.2
2024-12-03,PLTR,Short,1178.2718744860515,0.2
2024-12-03,META,Short,136.25057900816435,0.2
2024-12-03,EXC,Short,2192.191202747707,0.2
2024-12-04,GEHC,Long,995.8474893644848,0.2
2024-12-04,MELI,Long,41.5940687145958,0.2
2024-12-04,INTU,Long,126.27596903605028,0.2
2024-12-04,QCOM,Long,506.09344969312497,0.2
2024-12-04,EA,Long,493.760023435715,0.2
2024-12-04,AAPL,Short,340.17243771091165,0.2
2024-12-04,MRVL,Short,699.6639962073893,0.2
2024-12-04,ASML,Short,114.82568088379074,0.2
2024-12-04,BKNG,Short,15.766312635132117,0.2
2024-12-04,EXC,Short,2184.0239247572435,0.2
2024-12-05,ASML,Long,114.17530834134189,0.2
2024-12-05,QCOM,Long,506.4887598603478,0.2
2024-12-05,MELI,Long,40.92583384125357,0.2
2024-12-05,INTU,Long,125.22850370925933,0.2
2024-12-05,DDOG,Long,497.31085919510235,0.2
2024-12-05,AAPL,Short,334.24841231469776,0.2
2024-12-05,BKNG,Short,15.362453580223777,0.2
2024-12-05,MRVL,Short,716.5540259044753,0.2
2024-12-05,EXC,Short,2138.9081849388963,0.2
2024-12-05,PLTR,Short,1130.314857108144,0.2
2024-12-06,ASML,Long,113.90254161787433,0.2
2024-12-06,QCOM,Long,506.26684541776905,0.2
2024-12-06,MELI,Long,41.47260114835256,0.2
2024-12-06,WBD,Long,7575.480571060806,0.2
2024-12-06,DDOG,Long,478.8296747946997,0.2
2024-12-06,AAPL,Short,332.5425092628416,0.2
2024-12-06,BKNG,Short,15.23574414323733,0.2
2024-12-06,META,Short,129.46217227988438,0.2
2024-12-06,PLTR,Short,1057.8284726940676,0.2
2024-12-06,EXC,Short,2133.5435927902427,0.2
2024-12-09,MELI,Long,43.411806267181355,0.2
2024-12-09,QCOM,Long,498.09875377716384,0.2
2024-12-09,WBD,Long,7581.855420152113,0.2
2024-12-09,DDOG,Long,496.7082027769283,0.2
2024-12-09,ASML,Long,113.32219074471412,0.2
2024-12-09,AAPL,Short,324.47577069211536,0.2
2024-12-09,PLTR,Short,1104.9461417318219,0.2
2024-12-09,LULU,Short,197.79242256023775,0.2
2024-12-09,EXC,Short,2138.4722049953016,0.2
2024-12-09,BKNG,Short,15.547692034323084,0.2
2024-12-10,PLTR,Long,1124.5673575916487,0.2
2024-12-10,MELI,Long,42.42306591955413,0.2
2024-12-10,DDOG,Long,514.6251204485004,0.2
2024-12-10,WBD,Long,7320.530466481678,0.2
2024-12-10,QCOM,Long,509.5268814546515,0.2
2024-12-10,AAPL,Short,321.7523425701907,0.2
2024-12-10,GOOGL,Short,430.52643560840346,0.2
2024-12-10,GOOG,Short,427.3874433871422,0.2
2024-12-10,TSLA,Short,198.80939982241085,0.2
2024-12-10,LULU,Short,200.75693293368755,0.2
2024-12-11,PLTR,Long,1081.3092442376724,0.2
2024-12-11,WBD,Long,7246.371332811144,0.2
2024-12-11,MELI,Long,41.31249021867696,0.2
2024-12-11,DDOG,Long,501.0591625150507,0.2
2024-12-11,WDAY,Long,287.8753848822299,0.2
2024-12-11,AAPL,Short,318.0889036564765,0.2
2024-12-11,GOOG,Short,398.58539440572457,0.2
2024-12-11,GOOGL,Short,401.25761544872915,0.2
2024-12-11,TSLA,Short,184.58398106622306,0.2
2024-12-11,LULU,Short,196.13692460187468,0.2
2024-12-12,PLTR,Long,1057.1362451300502,0.2
2024-12-12,MELI,Long,41.363913848044895,0.2
2024-12-12,TSLA,Long,185.0810064284884,0.2
2024-12-12,WBD,Long,6195.546143750492,0.2
2024-12-12,DDOG,Long,493.730441056849,0.2
2024-12-12,AAPL,Short,312.0760115428257,0.2
2024-12-12,GOOG,Short,399.6403861283222,0.2
2024-12-12,GOOGL,Short,403.1171452954834,0.2
2024-12-12,EXC,Short,2101.068858816831,0.2
2024-12-12,BKNG,Short,14.68654306202151,0.2
2024-12-13,PLTR,Long,1033.7394228124026,0.2
2024-12-13,WBD,Long,6515.042217572531,0.2
2024-12-13,MELI,Long,43.11545744160265,0.2
2024-12-13,TSLA,Long,180.26397908770147,0.2
2024-12-13,ASML,Long,109.43326520035319,0.2
2024-12-13,AAPL,Short,316.91676149769177,0.2
2024-12-13,GOOG,Short,410.8922331045966,0.2
2024-12-13,GOOGL,Short,414.26906829454134,0.2
2024-12-13,EXC,Short,2132.8060714930784,0.2
2024-12-13,KHC,Short,2481.431248111076,0.2
2024-12-16,PLTR,Long,1042.7596717519439,0.2
2024-12-16,WBD,Long,6809.400218761197,0.2
2024-12-16,MELI,Long,43.962913766856246,0.2
2024-12-16,WDAY,Long,283.77597773730383,0.2
2024-12-16,HON,Long,334.6993437932616,0.2
2024-12-16,AAPL,Short,314.6472564041968,0.2
2024-12-16,GOOG,Short,398.61245294432524,0.2
2024-12-16,GOOGL,Short,401.6528204226245,0.2
2024-12-16,TSLA,Short,170.59532419641903,0.2
2024-12-16,KHC,Short,2550.5019982725366,0.2
2024-12-17,PLTR,Long,1048.097328531744,0.2
2024-12-17,MELI,Long,43.097174228466805,0.2
2024-12-17,INTU,Long,115.0360113061532,0.2
2024-12-17,WDAY,Long,280.45018845004563,0.2
2024-12-17,WBD,Long,6869.4235250477195,0.2
2024-12-17,AAPL,Short,307.59018835385683,0.2
2024-12-17,MU,Short,717.9370232527954,0.2
2024-12-17,TSLA,Short,162.48064437514316,0.2
2024-12-17,KHC,Short,2494.9747081525934,0.2
2024-12-17,EXC,Short,2134.9386268475123,0.2
2024-12-18,PLTR,Long,1079.8635024058838,0.2
2024-12-18,MELI,Long,44.9906437643187,0.2
2024-12-18,WBD,Long,7264.444076437683,0.2
2024-12-18,TSLA,Long,175.45052713332458,0.2
2024-12-18,AMGN,Long,298.4042110215048,0.2
2024-12-18,AAPL,Short,311.3123983625559,0.2
2024-12-18,EXC,Short,2112.172824487258,0.2
2024-12-18,KHC,Short,2548.5492841013534,0.2
2024-12-18,BKNG,Short,15.62119611971126,0.2
2024-12-18,DXCM,Short,1026.0568585169829,0.2
2024-12-19,PLTR,Long,1025.6495727539725,0.2
2024-12-19,MELI,Long,45.68634685177798,0.2
2024-12-19,WBD,Long,7255.810821333189,0.2
2024-12-19,TSLA,Long,174.50409590725528,0.2
2024-12-19,ASML,Long,107.16280349245396,0.2
2024-12-19,AAPL,Short,304.70977981841963,0.2
2024-12-19,CTAS,Short,416.3983623322136,0.2
2024-12-19,KHC,Short,2528.6861425396996,0.2
2024-12-19,BKNG,Short,15.282598857020199,0.2
2024-12-19,DXCM,Short,1003.8704057164213,0.2
2024-12-20,PLTR,Long,950.6403042970786,0.2
2024-12-20,MELI,Long,44.510497840139855,0.2
2024-12-20,WBD,Long,7163.150834240539,0.2
2024-12-20,AEP,Long,825.5965435283412,0.2
2024-12-20,TSLA,Long,181.86025710409058,0.2
2024-12-20,AAPL,Short,300.89228558844343,0.2
2024-12-20,CTAS,Short,409.61847872156113,0.2
2024-12-20,GFS,Short,1835.4285036371139,0.2
2024-12-20,EXC,Short,2068.451606304473,0.2
2024-12-20,BKNG,Short,15.167419374946851,0.2
2024-12-23,PLTR,Long,954.0603732813059,0.2
2024-12-23,WBD,Long,7373.863691907455,0.2
2024-12-23,MELI,Long,44.50278055080558,0.2
2024-12-23,TSLA,Long,178.78107932680982,0.2
2024-12-23,MAR,Long,271.42097988231103,0.2
2024-12-23,AAPL,Short,301.57532244622826,0.2
2024-12-23,BKNG,Short,15.204682501603507,0.2
2024-12-23,KHC,Short,2527.3518110038435,0.2
2024-12-23,CTAS,Short,411.4105165570633,0.2
2024-12-23,MDLZ,Short,1298.6358878975427,0.2
2024-12-24,AMGN,Long,290.9919096917979,0.2
2024-12-24,WBD,Long,7295.20814798246,0.2
2024-12-24,QCOM,Long,482.9596326423844,0.2
2024-12-24,MELI,Long,44.14896295401046,0.2
2024-12-24,HON,Long,336.23612671423473,0.2
2024-12-24,AAPL,Short,298.0807270100119,0.2
2024-12-24,PLTR,Short,934.2613488551974,0.2
2024-12-24,KHC,Short,2511.8945458813514,0.2
2024-12-24,BKNG,Short,15.023492024686702,0.2
2024-12-24,MDLZ,Short,1282.740789211096,0.2
2024-12-26,AMGN,Long,291.50330446703265,0.2
2024-12-26,MELI,Long,44.2749354222324,0.2
2024-12-26,QCOM,Long,483.93261922246654,0.2
2024-12-26,WBD,Long,7223.901917260778,0.2
2024-12-26,HON,Long,330.8800022972757,0.2
2024-12-26,AAPL,Short,296.18500806341314,0.2
2024-12-26,NVDA,Short,548.2587118571178,0.2
2024-12-26,PLTR,Short,933.9887765359285,0.2
2024-12-26,KHC,Short,2511.2222406059004,0.2
2024-12-26,EXC,Short,2048.5403463734915,0.2
2024-12-27,PLTR,Long,970.79615998794,0.2
2024-12-27,MELI,Long,44.492551833946756,0.2
2024-12-27,QCOM,Long,488.2381037106028,0.2
2024-12-27,MU,Long,866.1916336284951,0.2
2024-12-27,AMGN,Long,292.2922668701226,0.2
2024-12-27,AAPL,Short,300.36606756680794,0.2
2024-12-27,KHC,Short,2502.2999134871507,0.2
2024-12-27,DXCM,Short,956.7617666162865,0.2
2024-12-27,BKNG,Short,15.240146191939363,0.2
2024-12-27,EXC,Short,2051.0435875901226,0.2
2024-12-30,PLTR,Long,990.2832960373228,0.2
2024-12-30,ADSK,Long,256.88187881540534,0.2
2024-12-30,MELI,Long,44.38962883198335,0.2
2024-12-30,QCOM,Long,494.4369529371834,0.2
2024-12-30,MU,Long,895.9098262530871,0.2
2024-12-30,AAPL,Short,303.05339419197736,0.2
2024-12-30,DXCM,Short,979.8726293637316,0.2
2024-12-30,KHC,Short,2517.4592738417577,0.2
2024-12-30,BKNG,Short,15.313975979291087,0.2
2024-12-30,EXC,Short,2031.093885754154,0.2
2024-12-31,GEHC,Long,974.9926879923697,0.2
2024-12-31,MELI,Long,44.82659268856637,0.2
2024-12-31,ADSK,Long,257.891283810723,0.2
2024-12-31,MU,Long,905.7144169197047,0.2
2024-12-31,PLTR,Long,1007.8663415704772,0.2
2024-12-31,AAPL,Short,304.3883443899826,0.2
2024-12-31,DXCM,Short,980.1328524498975,0.2
2024-12-31,ON,Short,1208.960024855686,0.2
2024-12-31,EXC,Short,2025.1044070354237,0.2
2024-12-31,KHC,Short,2482.088274738105,0.2
2025-01-02,MELI,Long,42.94377089078231,0.2
2025-01-02,FTNT,Long,799.9552044562615,0.2
2025-01-02,PLTR,Long,1008.0562995232862,0.2
2025-01-02,ADSK,Long,258.4063607309628,0.2
2025-01-02,MU,Long,867.9234402040018,0.2
2025-01-02,AAPL,Short,310.82941859782017,0.2
2025-01-02,ON,Short,1228.2572799665184,0.2
2025-01-02,KHC,Short,2463.3004385642266,0.2
2025-01-02,DXCM,Short,965.5510270347869,0.2
2025-01-02,EXC,Short,2012.6329243052098,0.2
2025-01-03,PLTR,Long,958.1461646460803,0.2
2025-01-03,ADSK,Long,260.3084307430044,0.2
2025-01-03,FTNT,Long,785.3318513400254,0.2
2025-01-03,AMZN,Long,341.43492428381296,0.2
2025-01-03,BKR,Long,1794.334195559376,0.2
2025-01-03,AAPL,Short,314.5393504141584,0.2
2025-01-03,MELI,Short,41.7334787259516,0.2
2025-01-03,KHC,Short,2500.6956871109337,0.2
2025-01-03,EXC,Short,2011.7292521313277,0.2
2025-01-03,ON,Short,1197.720179807963,0.2
2025-01-06,PLTR,Long,1013.9975919657882,0.2
2025-01-06,ADSK,Long,263.179695583889,0.2
2025-01-06,WBD,Long,7108.282166913771,0.2
2025-01-06,FTNT,Long,786.0189238959169,0.2
2025-01-06,AMGN,Long,297.7017534149574,0.2
2025-01-06,AAPL,Short,314.2150829606432,0.2
2025-01-06,NVDA,Short,515.1756615044967,0.2
2025-01-06,KLAC,Short,111.52063839880265,0.2
2025-01-06,ASML,Short,100.17136321859391,0.2
2025-01-06,MELI,Short,42.78194831962054,0.2
2025-01-07,WBD,Long,7184.209032164374,0.2
2025-01-07,FTNT,Long,787.0951561782537,0.2
2025-01-07,GOOGL,Long,386.2398918139199,0.2
2025-01-07,AMGN,Long,288.1250067763581,0.2
2025-01-07,QCOM,Long,470.38398057989696,0.2
2025-01-07,AAPL,Short,311.73789884569373,0.2
2025-01-07,KLAC,Short,109.540171056931,0.2
2025-01-07,MU,Short,740.9089967529463,0.2
2025-01-07,ASML,Short,99.66741052968898,0.2
2025-01-07,MELI,Short,42.629396586133055,0.2
2025-01-08,MELI,Long,43.297877730293514,0.2
2025-01-08,WBD,Long,7484.59306484296,0.2
2025-01-08,ADSK,Long,254.05746402636993,0.2
2025-01-08,QCOM,Long,473.3153665219635,0.2
2025-01-08,FTNT,Long,783.9963416827402,0.2
2025-01-08,AAPL,Short,310.23902068296184,0.2
2025-01-08,KLAC,Short,109.72749640561567,0.2
2025-01-08,MU,Short,757.4188371313728,0.2
2025-01-08,ASML,Short,101.20569282729927,0.2
2025-01-08,ON,Short,1291.2880740810517,0.2
2025-01-10,MELI,Long,43.07896664058614,0.2
2025-01-10,FTNT,Long,801.2478527498014,0.2
2025-01-10,QCOM,Long,482.6474522992876,0.2
2025-01-10,AMGN,Long,288.9295344757469,0.2
2025-01-10,META,Long,123.02470821610358,0.2
2025-01-10,AAPL,Short,319.8901965268939,0.2
2025-01-10,KLAC,Short,110.92143482366704,0.2
2025-01-10,MU,Short,762.6937567235527,0.2
2025-01-10,ON,Short,1404.6347224475708,0.2
2025-01-10,DXCM,Short,974.3569048147996,0.2
2025-01-13,MELI,Long,44.03329451069449,0.2
2025-01-13,BKR,Long,1709.0771652731346,0.2
2025-01-13,ISRG,Long,141.95077804281317,0.2
2025-01-13,FTNT,Long,816.5611313379549,0.2
2025-01-13,AMGN,Long,283.570567956984,0.2
2025-01-13,AAPL,Short,326.8683210053517,0.2
2025-01-13,ON,Short,1371.3609077032368,0.2
2025-01-13,DXCM,Short,959.6434865096173,0.2
2025-01-13,KHC,Short,2662.193558743057,0.2
2025-01-13,GFS,Short,1878.3508391499615,0.2
2025-01-14,GEHC,Long,908.0229715558804,0.2
2025-01-14,MELI,Long,43.562691100736274,0.2
2025-01-14,ISRG,Long,141.7606320717899,0.2
2025-01-14,MU,Long,784.6340347589772,0.2
2025-01-14,FTNT,Long,825.9484470478207,0.2
2025-01-14,AAPL,Short,327.4690093569062,0.2
2025-01-14,ON,Short,1384.4140935220548,0.2
2025-01-14,DXCM,Short,964.9105958044809,0.2
2025-01-14,GFS,Short,1855.5252246928553,0.2
2025-01-14,BIIB,Short,533.9855403796461,0.2
2025-01-15,GEHC,Long,918.6644563952739,0.2
2025-01-15,PLTR,Long,1127.9053782608926,0.2
2025-01-15,FTNT,Long,825.8701246783021,0.2
2025-01-15,AMGN,Long,285.7718118858977,0.2
2025-01-15,MU,Long,744.7957163284198,0.2
2025-01-15,AAPL,Short,323.0986394413262,0.2
2025-01-15,ISRG,Short,132.48431112541857,0.2
2025-01-15,MELI,Short,41.811316141497905,0.2
2025-01-15,ON,Short,1391.553004223806,0.2
2025-01-15,GFS,Short,1836.889854349694,0.2
2025-01-16,GEHC,Long,898.4313913596592,0.2
2025-01-16,PLTR,Long,1102.9270742587737,0.2
2025-01-16,FTNT,Long,811.9794342116583,0.2
2025-01-16,ADSK,Long,263.26072738750014,0.2
2025-01-16,WBD,Long,8064.061891471402,0.2
2025-01-16,AAPL,Short,334.56001972909877,0.2
2025-01-16,KLAC,Short,102.19557753334495,0.2
2025-01-16,MELI,Short,41.56732929432647,0.2
2025-01-16,ON,Short,1427.1476483085587,0.2
2025-01-16,GFS,Short,1865.7871413676507,0.2
2025-01-17,GEHC,Long,905.9594365289227,0.2
2025-01-17,PLTR,Long,1069.6809851883902,0.2
2025-01-17,FTNT,Long,814.7192824064969,0.2
2025-01-17,QCOM,Long,466.5228600820031,0.2
2025-01-17,WBD,Long,8064.180359730454,0.2
2025-01-17,AAPL,Short,333.815993313934,0.2
2025-01-17,BKNG,Short,15.582326004616744,0.2
2025-01-17,KLAC,Short,101.35187358630164,0.2
2025-01-17,AMAT,Short,399.7448554865825,0.2
2025-01-17,ISRG,Short,129.5406972505296,0.2
2025-01-21,PLTR,Long,1048.067888184161,0.2
2025-01-21,FTNT,Long,787.883978129658,0.2
2025-01-21,QCOM,Long,457.8365416015,0.2
2025-01-21,AMZN,Long,331.94190993523404,0.2
2025-01-21,ADSK,Long,257.9310879566196,0.2
2025-01-21,AAPL,Short,343.9737714683649,0.2
2025-01-21,CTAS,Short,380.571097230765,0.2
2025-01-21,KLAC,Short,99.8153397170779,0.2
2025-01-21,AMAT,Short,397.067051426222,0.2
2025-01-21,MU,Short,700.1492246552289,0.2
2025-01-22,ADSK,Long,255.7066210512674,0.2
2025-01-22,FTNT,Long,784.6372731421955,0.2
2025-01-22,QCOM,Long,452.7887779022568,0.2
2025-01-22,AMZN,Long,327.9978121742436,0.2
2025-01-22,TTWO,Long,410.03650079751833,0.2
2025-01-22,AAPL,Short,344.3808399532813,0.2
2025-01-22,NVDA,Short,524.1229360068813,0.2
2025-01-22,KLAC,Short,99.85978510332107,0.2
2025-01-22,NFLX,Short,80.80039080743984,0.2
2025-01-22,AMAT,Short,394.26508210877176,0.2
2025-01-23,ADSK,Long,253.6340643864484,0.2
2025-01-23,FTNT,Long,783.6238388011421,0.2
2025-01-23,QCOM,Long,437.968229137568,0.2
2025-01-23,ISRG,Long,125.46272807331111,0.2
2025-01-23,AMZN,Long,324.37406037587243,0.2
2025-01-23,AAPL,Short,341.4295781516087,0.2
2025-01-23,NVDA,Short,518.7076488694006,0.2
2025-01-23,NFLX,Short,77.5380681879178,0.2
2025-01-23,PLTR,Short,966.8794309191073,0.2
2025-01-23,ORLY,Short,60.52863857206685,0.2
2025-01-24,FTNT,Long,782.769092015889,0.2
2025-01-24,ISRG,Long,129.86957931011466,0.2
2025-01-24,ADSK,Long,252.13685336029346,0.2
2025-01-24,AMZN,Long,322.97349048105866,0.2
2025-01-24,MELI,Long,41.145855987320125,0.2
2025-01-24,AAPL,Short,340.47188538632525,0.2
2025-01-24,NFLX,Short,77.58909576311024,0.2
2025-01-24,PLTR,Short,960.3738033279235,0.2
2025-01-24,ORLY,Short,60.486703517344885,0.2
2025-01-24,ON,Short,1391.7491047844126,0.2
2025-01-27,PLTR,Long,1005.8718946792233,0.2
2025-01-27,FTNT,Long,784.1581153529936,0.2
2025-01-27,WBD,Long,7233.839832796641,0.2
2025-01-27,AMZN,Long,322.330213153287,0.2
2025-01-27,ADSK,Long,253.72981687220295,0.2
2025-01-27,AAPL,Short,330.126938087744,0.2
2025-01-27,NFLX,Short,78.07774238506983,0.2
2025-01-27,ORLY,Short,59.16662881721663,0.2
2025-01-27,META,Short,114.995116731592,0.2
2025-01-27,ON,Short,1406.8034876213023,0.2
2025-01-28,FTNT,Long,753.5222720818783,0.2
2025-01-28,ADSK,Long,242.7132951936235,0.2
2025-01-28,AMZN,Long,315.86870346245684,0.2
2025-01-28,WBD,Long,7338.939492846284,0.2
2025-01-28,DASH,Long,407.74094835430924,0.2
2025-01-28,AAPL,Short,315.7228722235874,0.2
2025-01-28,CRWD,Short,184.06609364249482,0.2
2025-01-28,NFLX,Short,77.40461652639,0.2
2025-01-28,PLTR,Short,937.6059660250959,0.2
2025-01-28,META,Short,111.55387999234203,0.2
2025-01-29,PLTR,Long,928.9041447085605,0.2
2025-01-29,FTNT,Long,745.8914245498858,0.2
2025-01-29,ADSK,Long,243.57889764143573,0.2
2025-01-29,WBD,Long,7103.489395828867,0.2
2025-01-29,AMZN,Long,312.5211721320059,0.2
2025-01-29,AAPL,Short,309.5312348654125,0.2
2025-01-29,BKNG,Short,15.690723297921629,0.2
2025-01-29,TMUS,Short,315.07292574680326,0.2
2025-01-29,ORLY,Short,57.5192527591528,0.2
2025-01-29,META,Short,109.5203146178694,0.2
2025-01-30,PLTR,Long,902.3860279964629,0.2
2025-01-30,FTNT,Long,726.1646098663442,0.2
2025-01-30,ADSK,Long,236.46327281465923,0.2
2025-01-30,AMZN,Long,312.35848314893775,0.2
2025-01-30,DASH,Long,388.6715354971771,0.2
2025-01-30,AAPL,Short,308.48013563325907,0.2
2025-01-30,TMUS,Short,312.7183334998633,0.2
2025-01-30,ORLY,Short,55.94110061623669,0.2
2025-01-30,META,Short,106.68383449114721,0.2
2025-01-30,MELI,Short,37.63726368390965,0.2
2025-01-31,PLTR,Long,888.7307536361053,0.2
2025-01-31,FTNT,Long,726.7188735616729,0.2
2025-01-31,AMZN,Long,308.4458104511665,0.2
2025-01-31,ADSK,Long,235.47054291522892,0.2
2025-01-31,DASH,Long,388.2402015464673,0.2
2025-01-31,AAPL,Short,310.64151681740924,0.2
2025-01-31,MELI,Short,38.13951805162131,0.2
2025-01-31,ON,Short,1400.6763040730289,0.2
2025-01-31,DXCM,Short,844.3095292287418,0.2
2025-01-31,EA,Short,596.4640451109937,0.2
2025-02-03,FTNT,Long,729.4769657050216,0.2
2025-02-03,DASH,Long,385.76638247098856,0.2
2025-02-03,AMZN,Long,310.0169636946693,0.2
2025-02-03,META,Long,105.53182208860127,0.2
2025-02-03,ADSK,Long,240.3560210041478,0.2
2025-02-03,AAPL,Short,322.8114061926506,0.2
2025-02-03,TMUS,Short,309.1315626456986,0.2
2025-02-03,PLTR,Short,878.9614142631293,0.2
2025-02-03,MELI,Short,38.55845042242231,0.2
2025-02-03,ON,Short,1464.4693476083057,0.2
2025-02-04,FTNT,Long,719.386306545184,0.2
2025-02-04,DASH,Long,380.00987266938097,0.2
2025-02-04,ADSK,Long,240.95982479340014,0.2
2025-02-04,AMZN,Long,305.4553600524561,0.2
2025-02-04,GOOGL,Long,358.2639885610102,0.2
2025-02-04,AAPL,Short,317.60533822724375,0.2
2025-02-04,COST,Short,72.35680501093232,0.2
2025-02-04,TMUS,Short,311.64815051025073,0.2
2025-02-04,PLTR,Short,712.1113589968402,0.2
2025-02-04,ORLY,Short,55.41828896613102,0.2
2025-02-05,FTNT,Long,689.2038811614469,0.2
2025-02-05,ADSK,Long,232.57533077521217,0.2
2025-02-05,AMZN,Long,306.62087540646326,0.2
2025-02-05,ISRG,Long,122.54975222773311,0.2
2025-02-05,META,Long,102.7347625589673,0.2
2025-02-05,AAPL,Short,311.5010590745234,0.2
2025-02-05,COST,Short,69.43718476167552,0.2
2025-02-05,TEAM,Short,225.73146614344063,0.2
2025-02-05,PLTR,Short,714.43025993736,0.2
2025-02-05,ORLY,Short,53.71050562794542,0.2
2025-02-06,FTNT,Long,692.1836181981348,0.2
2025-02-06,AMZN,Long,303.50236062023106,0.2
2025-02-06,ADSK,Long,235.57187672091678,0.2
2025-02-06,ISRG,Long,123.16987144037265,0.2
2025-02-06,QCOM,Long,428.0974852774602,0.2
2025-02-06,AAPL,Short,310.8029712857438,0.2
2025-02-06,COST,Short,68.96875328612255,0.2
2025-02-06,TEAM,Short,227.22717662275642,0.2
2025-02-06,PLTR,Short,651.3791349550662,0.2
2025-02-06,MELI,Short,36.01225535783415,0.2
2025-02-07,FTNT,Long,661.8136059704618,0.2
2025-02-07,ADSK,Long,236.59590465376183,0.2
2025-02-07,DASH,Long,364.37996158746074,0.2
2025-02-07,NXPI,Long,334.6210383377225,0.2
2025-02-07,AMZN,Long,310.9354446441761,0.2
2025-02-07,AAPL,Short,313.01170194629964,0.2
2025-02-07,BKNG,Short,14.578268942901648,0.2
2025-02-07,COST,Short,68.26036466673317,0.2
2025-02-07,TTWO,Short,341.28875692997354,0.2
2025-02-07,PLTR,Short,642.7682113053677,0.2
2025-02-10,FTNT,Long,638.0247741457533,0.2
2025-02-10,ADSK,Long,229.1734751722571,0.2
2025-02-10,DASH,Long,362.84905872938145,0.2
2025-02-10,ISRG,Long,117.33358153847543,0.2
2025-02-10,ODFL,Long,346.3951649202602,0.2
2025-02-10,AAPL,Short,307.03104690855866,0.2
2025-02-10,BKNG,Short,14.22527744747143,0.2
2025-02-10,TMUS,Short,273.2111771664769,0.2
2025-02-10,COST,Short,65.82003640790509,0.2
2025-02-10,NVDA,Short,523.288254264331,0.2
2025-02-11,FTNT,Long,642.9032594687543,0.2
2025-02-11,ISRG,Long,117.71437235114577,0.2
2025-02-11,AMGN,Long,234.76609726859823,0.2
2025-02-11,DASH,Long,360.69041688502256,0.2
2025-02-11,ADSK,Long,232.36924793736668,0.2
2025-02-11,AAPL,Short,299.39692518846306,0.2
2025-02-11,BKNG,Short,14.221189094292344,0.2
2025-02-11,TMUS,Short,269.21417854323755,0.2
2025-02-11,NVDA,Short,524.4405849019249,0.2
2025-02-11,TTWO,Short,331.7410234615931,0.2
2025-02-12,FTNT,Long,643.9979147315029,0.2
2025-02-12,MELI,Long,34.391601316471736,0.2
2025-02-12,DASH,Long,345.25647698733167,0.2
2025-02-12,NXPI,Long,315.5674760905188,0.2
2025-02-12,ISRG,Long,117.63466558304842,0.2
2025-02-12,AAPL,Short,292.81282931990995,0.2
2025-02-12,BKNG,Short,13.821653040873198,0.2
2025-02-12,TTWO,Short,331.57364891373504,0.2
2025-02-12,PLTR,Short,590.8388603107314,0.2
2025-02-12,DXCM,Short,826.9771214963229,0.2
2025-02-13,FTNT,Long,631.0036842488552,0.2
2025-02-13,ISRG,Long,117.3469040615803,0.2
2025-02-13,META,Long,95.25335942747192,0.2
2025-02-13,CTSH,Long,774.701784923035,0.2
2025-02-13,AMAT,Long,376.6092456877327,0.2
2025-02-13,AAPL,Short,287.32574695758797,0.2
2025-02-13,BKNG,Short,13.855448440869795,0.2
2025-02-13,TMUS,Short,261.7994221642516,0.2
2025-02-13,TTWO,Short,330.32409215864465,0.2
2025-02-13,PLTR,Short,588.5657294252817,0.2
2025-02-14,FTNT,Long,621.2295647675904,0.2
2025-02-14,DASH,Long,325.02608793909366,0.2
2025-02-14,META,Long,94.1453701663089,0.2
2025-02-14,ADSK,Long,229.1030257393576,0.2
2025-02-14,CTSH,Long,764.6534792174455,0.2
2025-02-14,BKNG,Short,13.748725234742295,0.2
2025-02-14,TMUS,Short,256.08916016480316,0.2
2025-02-14,NVDA,Short,499.48912627184166,0.2
2025-02-14,PLTR,Short,582.0247239010331,0.2
2025-02-14,ARM,Short,434.71274382655525,0.2
2025-02-18,INTC,Long,2540.875187588274,0.2
2025-02-18,FTNT,Long,609.0895198324898,0.2
2025-02-18,DASH,Long,328.32273169048,0.2
2025-02-18,QCOM,Long,400.7980308790801,0.2
2025-02-18,ISRG,Long,115.81914849747204,0.2
2025-02-18,BKNG,Short,13.534849398144406,0.2
2025-02-18,CCEP,Short,802.3353879546796,0.2
2025-02-18,PLTR,Short,558.454247338912,0.2
2025-02-18,MU,Short,651.6955636348974,0.2
2025-02-18,MELI,Short,33.16000945191928,0.2
2025-02-19,GEHC,Long,754.5954282997319,0.2
2025-02-19,PLTR,Long,623.0159558647094,0.2
2025-02-19,FTNT,Long,609.3669082580833,0.2
2025-02-19,WBD,Long,6410.942542896391,0.2
2025-02-19,QCOM,Long,398.44290609966896,0.2
2025-02-19,AAPL,Short,285.1111523882411,0.2
2025-02-19,BKNG,Short,13.660854920967516,0.2
2025-02-19,ADI,Short,288.89830934034325,0.2
2025-02-19,MU,Short,668.9839601844457,0.2
2025-02-19,NXPI,Short,284.28685549564125,0.2
2025-02-20,GEHC,Long,741.7988156814481,0.2
2025-02-20,FTNT,Long,598.128454313623,0.2
2025-02-20,WBD,Long,6187.703845615803,0.2
2025-02-20,QCOM,Long,393.27721024607376,0.2
2025-02-20,DASH,Long,337.7614349545421,0.2
2025-02-20,AAPL,Short,277.88410572645756,0.2
2025-02-20,NVDA,Short,487.56155821834255,0.2
2025-02-20,ADI,Short,280.17491660853784,0.2
2025-02-20,MU,Short,662.0687150369127,0.2
2025-02-20,TXN,Short,334.92963311866606,0.2
2025-02-21,GEHC,Long,742.0548843063588,0.2
2025-02-21,FTNT,Long,614.3771928413356,0.2
2025-02-21,NXPI,Long,285.78460795271627,0.2
2025-02-21,WBD,Long,6270.294839362648,0.2
2025-02-21,ISRG,Long,114.21919803254397,0.2
2025-02-21,AAPL,Short,275.2749983869166,0.2
2025-02-21,ADI,Short,282.92568606536076,0.2
2025-02-21,TXN,Short,334.62265690089134,0.2
2025-02-21,MELI,Short,29.908750749548695,0.2
2025-02-21,ON,Short,1250.5786798907664,0.2
2025-02-24,GEHC,Long,735.2399194746755,0.2
2025-02-24,TXN,Long,331.726001097034,0.2
2025-02-24,ADI,Long,280.9851797077778,0.2
2025-02-24,NXPI,Long,285.6130432154738,0.2
2025-02-24,WBD,Long,6004.569735457101,0.2
2025-02-24,AAPL,Short,269.48878040313576,0.2
2025-02-24,MELI,Short,29.9506044291633,0.2
2025-02-24,ON,Short,1247.0164303304846,0.2
2025-02-24,KHC,Short,2123.427231709398,0.2
2025-02-24,BKNG,Short,13.188675610621866,0.2
2025-02-25,TXN,Long,332.8075699401657,0.2
2025-02-25,FTNT,Long,615.9065141440389,0.2
2025-02-25,AMGN,Long,210.86352813458802,0.2
2025-02-25,WBD,Long,6225.898880001695,0.2
2025-02-25,NXPI,Long,291.19205952767334,0.2
2025-02-25,AAPL,Short,269.4092382751974,0.2
2025-02-25,ON,Short,1299.3919333962363,0.2
2025-02-25,MELI,Short,30.690239517492056,0.2
2025-02-25,DXCM,Short,753.5649529517297,0.2
2025-02-25,BKNG,Short,13.221514310534161,0.2
2025-02-26,TXN,Long,337.2438404162249,0.2
2025-02-26,WBD,Long,6367.1638834903,0.2
2025-02-26,FTNT,Long,613.2381474522853,0.2
2025-02-26,AMGN,Long,218.21013026688786,0.2
2025-02-26,ADI,Long,286.0361185929333,0.2
2025-02-26,AAPL,Short,278.1461998954945,0.2
2025-02-26,INTU,Short,106.88113656518209,0.2
2025-02-26,ARM,Short,481.0766366078754,0.2
2025-02-26,MELI,Short,30.42137203753532,0.2
2025-02-26,ON,Short,1322.5563162349872,0.2
2025-02-27,TXN,Long,343.4237938039965,0.2
2025-02-27,WBD,Long,5972.452072977349,0.2
2025-02-27,MELI,Long,30.846544885234316,0.2
2025-02-27,ADI,Long,293.48658035046145,0.2
2025-02-27,TTD,Long,918.967334814336,0.2
2025-02-27,AAPL,Short,276.8519677954725,0.2
2025-02-27,ON,Short,1386.597115274491,0.2
2025-02-27,KHC,Short,2143.45754063344,0.2
2025-02-27,DXCM,Short,748.171901028839,0.2
2025-02-27,GFS,Short,1713.0893198622603,0.2
2025-02-28,GFS,Long,1707.1696643581915,0.2
2025-02-28,NVDA,Long,529.8348514153389,0.2
2025-02-28,PLTR,Long,779.4037929319167,0.2
2025-02-28,ARM,Long,502.59676089000413,0.2
2025-02-28,CMCSA,Long,1844.6757719710467,0.2
2025-02-28,AAPL,Short,273.6808206702629,0.2
2025-02-28,CRWD,Short,169.85825603502525,0.2
2025-02-28,TMUS,Short,245.41869579695467,0.2
2025-02-28,COST,Short,63.11876636045703,0.2
2025-02-28,CCEP,Short,767.2961631060274,0.2
2025-03-03,NVDA,Long,578.7313346762886,0.2
2025-03-03,GFS,Long,1789.8615159566443,0.2
2025-03-03,PLTR,Long,791.2982026992283,0.2
2025-03-03,CMCSA,Long,1834.6330033376244,0.2
2025-03-03,AMD,Long,671.9952393812067,0.2
2025-03-03,AAPL,Short,277.318384064121,0.2
2025-03-03,CRWD,Short,172.47169734650717,0.2
2025-03-03,MCHP,Short,1139.0870362589274,0.2
2025-03-03,WBD,Short,5990.026486228915,0.2
2025-03-03,CPRT,Short,1207.869950177421,0.2
2025-03-04,GFS,Long,1742.56867414284,0.2
2025-03-04,PLTR,Long,775.6907982481811,0.2
2025-03-04,NVDA,Long,564.4306040306086,0.2
2025-03-04,CMCSA,Long,1844.1775931199072,0.2
2025-03-04,AMD,Long,649.8094744988259,0.2
2025-03-04,AAPL,Short,277.49038523357376,0.2
2025-03-04,WBD,Short,5783.41928628236,0.2
2025-03-04,MCHP,Short,1126.0458418135636,0.2
2025-03-04,KDP,Short,1948.4615335974122,0.2
2025-03-04,KHC,Short,2113.244206685707,0.2
2025-03-05,PLTR,Long,730.8535559982201,0.2
2025-03-05,GFS,Long,1722.5895947557772,0.2
2025-03-05,AMD,Long,647.8983985552077,0.2
2025-03-05,CMCSA,Long,1852.4135672347434,0.2
2025-03-05,NVDA,Long,561.5671549957656,0.2
2025-03-05,AAPL,Short,279.425754898782,0.2
2025-03-05,WBD,Short,5763.064500089461,0.2
2025-03-05,KDP,Short,1978.1330481671532,0.2
2025-03-05,KHC,Short,2125.583397266141,0.2
2025-03-05,MCHP,Short,1104.4907724496659,0.2
2025-03-06,NVDA,Long,600.6116512583126,0.2
2025-03-06,PLTR,Long,825.3744823762395,0.2
2025-03-06,GFS,Long,1729.8679643700711,0.2
2025-03-06,LRCX,Long,868.440290783727,0.2
2025-03-06,AMD,Long,671.8222672884045,0.2
2025-03-06,AAPL,Short,282.1978905350763,0.2
2025-03-06,WBD,Short,6206.507596274483,0.2
2025-03-06,KDP,Short,1980.603415271938,0.2
2025-03-06,KHC,Short,2123.069969262881,0.2
2025-03-06,MCHP,Short,1139.8838312666755,0.2
2025-03-07,NVDA,Long,580.4628252752086,0.2
2025-03-07,PLTR,Long,770.3727991546249,0.2
2025-03-07,GFS,Long,1635.3089299352168,0.2
2025-03-07,LRCX,Long,827.8997016684481,0.2
2025-03-07,BKR,Long,1525.1190983508407,0.2
2025-03-07,AAPL,Short,273.6117254085267,0.2
2025-03-07,WBD,Short,5908.975519483741,0.2
2025-03-07,KHC,Short,2032.7021931969282,0.2
2025-03-07,KDP,Short,1961.97831127878,0.2
2025-03-07,WDAY,Short,259.1820109829291,0.2
2025-03-10,NVDA,Long,617.6936863266857,0.2
2025-03-10,PLTR,Long,865.1594005370125,0.2
2025-03-10,LRCX,Long,895.2834957666502,0.2
2025-03-10,PDD,Long,571.4855505181847,0.2
2025-03-10,GFS,Long,1662.6210696353405,0.2
2025-03-10,AAPL,Short,290.49091734612665,0.2
2025-03-10,WBD,Short,6239.931226123492,0.2
2025-03-10,MCHP,Short,1236.311911946765,0.2
2025-03-10,KHC,Short,2050.927068069918,0.2
2025-03-10,KDP,Short,2030.7581677188455,0.2
2025-03-11,PLTR,Long,843.1254735515421,0.2
2025-03-11,LRCX,Long,897.0276068185708,0.2
2025-03-11,GFS,Long,1766.6025713748347,0.2
2025-03-11,INTC,Long,3326.8929979431996,0.2
2025-03-11,EA,Long,477.2696798179176,0.2
2025-03-11,NVDA,Short,605.0564958732324,0.2
2025-03-11,TSLA,Short,285.39311848877657,0.2
2025-03-11,AMZN,Short,334.7370009133526,0.2
2025-03-11,META,Short,108.64265638101547,0.2
2025-03-11,AAPL,Short,297.98019776738164,0.2
2025-03-12,PLTR,Long,776.6034981532384,0.2
2025-03-12,LRCX,Long,848.1901933893012,0.2
2025-03-12,GFS,Long,1762.4222118780272,0.2
2025-03-12,INTC,Long,3141.338628958451,0.2
2025-03-12,EA,Long,477.24717995760756,0.2
2025-03-12,NVDA,Short,561.2829186499974,0.2
2025-03-12,TSLA,Short,261.85208901790554,0.2
2025-03-12,AMZN,Short,326.62720098988814,0.2
2025-03-12,META,Short,104.85325724951686,0.2
2025-03-12,AAPL,Short,299.3957281070968,0.2
2025-03-13,PLTR,Long,814.3251918042993,0.2
2025-03-13,LRCX,Long,861.5010917845378,0.2
2025-03-13,GFS,Long,1774.8857425315562,0.2
2025-03-13,INTC,Long,2735.720334214351,0.2
2025-03-13,EA,Long,470.7854591444961,0.2
2025-03-13,NVDA,Short,560.9670616102067,0.2
2025-03-13,TSLA,Short,269.38913071769247,0.2
2025-03-13,AMZN,Short,334.39875296389795,0.2
2025-03-13,META,Short,109.77341934183276,0.2
2025-03-13,AAPL,Short,309.21678878691677,0.2
2025-03-14,PLTR,Long,768.3381102293088,0.2
2025-03-14,LRCX,Long,842.0571219853198,0.2
2025-03-14,GFS,Long,1756.2013726147238,0.2
2025-03-14,INTC,Long,2755.1550555860667,0.2
2025-03-14,EA,Long,477.6978860761893,0.2
2025-03-14,NVDA,Short,544.599966976418,0.2
2025-03-14,TSLA,Short,265.06711783869594,0.2
2025-03-14,AMZN,Short,334.73845923904554,0.2
2025-03-14,META,Short,109.0544431324724,0.2
2025-03-14,AAPL,Short,310.37273539697384,0.2
2025-03-17,LRCX,Long,848.195623270419,0.2
2025-03-17,GFS,Long,1714.563611504346,0.2
2025-03-17,MSFT,Long,170.88293054165996,0.2
2025-03-17,INTC,Long,2585.5272793575696,0.2
2025-03-17,EA,Long,464.815955385081,0.2
2025-03-17,TSLA,Short,279.07314281127265,0.2
2025-03-17,AMZN,Short,339.3388950826211,0.2
2025-03-17,META,Short,109.80690115173411,0.2
2025-03-17,AAPL,Short,310.38409900708626,0.2
2025-03-17,KHC,Short,2166.4121825859343,0.2
2025-03-18,MELI,Long,33.71105611488994,0.2
2025-03-18,PLTR,Long,804.8218539059885,0.2
2025-03-18,LRCX,Long,872.7572944707891,0.2
2025-03-18,GFS,Long,1745.5145889415783,0.2
2025-03-18,MSFT,Long,176.04429173714382,0.2
2025-03-18,TSLA,Short,299.6604924971905,0.2
2025-03-18,AMZN,Short,350.15300419226105,0.2
2025-03-18,META,Short,115.93603017245486,0.2
2025-03-18,AAPL,Short,317.44089547203424,0.2
2025-03-18,CRWD,Short,185.9190581514774,0.2
2025-03-19,MELI,Long,32.66853084208101,0.2
2025-03-19,PLTR,Long,783.8701961650188,0.2
2025-03-19,LRCX,Long,866.0493061647611,0.2
2025-03-19,GFS,Long,1748.9303557100677,0.2
2025-03-19,MSFT,Long,174.02718121578036,0.2
2025-03-19,NVDA,Short,574.2956485839833,0.2
2025-03-19,TSLA,Short,286.1495061437514,0.2
2025-03-19,AMZN,Short,345.1530377980398,0.2
2025-03-19,META,Short,115.55529051096549,0.2
2025-03-19,AAPL,Short,313.56263227683587,0.2
2025-03-20,LRCX,Long,868.43945210955,0.2
2025-03-20,GFS,Long,1766.25964528701,0.2
2025-03-20,MSFT,Long,174.0964812297662,0.2
2025-03-20,INTC,Long,2810.8299138044235,0.2
2025-03-20,EA,Long,470.13949152783573,0.2
2025-03-20,NVDA,Short,568.1893432460381,0.2
2025-03-20,TSLA,Short,285.0566482994387,0.2
2025-03-20,AMZN,Short,345.4602883591878,0.2
2025-03-20,META,Short,114.92744396136939,0.2
2025-03-20,AAPL,Short,314.560860539165,0.2
2025-03-21,PLTR,Long,738.5592352285275,0.2
2025-03-21,LRCX,Long,885.8036735776066,0.2
2025-03-21,GFS,Long,1739.0459617580714,0.2
2025-03-21,MSFT,Long,171.70000941434805,0.2
2025-03-21,INTC,Long,2769.1404256558067,0.2
2025-03-21,NVDA,Short,570.7676219376413,0.2
2025-03-21,TSLA,Short,270.11115575057437,0.2
2025-03-21,AMZN,Short,342.38491953258705,0.2
2025-03-21,META,Short,112.66976496472238,0.2
2025-03-21,AAPL,Short,307.7809412435683,0.2
2025-03-24,LRCX,Long,858.3927718311373,0.2
2025-03-24,GFS,Long,1685.4493550843993,0.2
2025-03-24,MSFT,Long,170.31152113636762,0.2
2025-03-24,INTC,Long,2764.081434324098,0.2
2025-03-24,EA,Long,463.13420289181647,0.2
2025-03-24,NVDA,Short,551.4047312583918,0.2
2025-03-24,META,Short,108.1781580067122,0.2
2025-03-24,AAPL,Short,303.2938510270318,0.2
2025-03-24,CRWD,Short,179.6534129716179,0.2
2025-03-24,KHC,Short,2298.971446154257,0.2
